"","Date","SAC","RollSac","FF","WaterYear","Month","DOWY"
"1",1929-12-11,29555,26298.3333333333,"STORM",1930,12,75
"2",1931-01-26,26936,25829.3333333333,"STORM",1931,1,117
"3",1931-12-24,28686,27466,"STORM",1932,12,88
"4",1933-01-31,25667,25117.3333333333,"STORM",1933,1,122
"5",1933-12-31,33508,32788,"STORM",1934,12,95
"6",1935-01-05,28527,27190.3333333333,"STORM",1935,1,96
"7",1936-01-10,31488,36604.6666666667,"STORM",1936,1,101
"8",1937-02-04,19225,26838.3333333333,"STORM",1937,2,126
"9",1937-11-19,31216,29596,"STORM",1938,11,53
"10",1939-03-15,28716,27319.3333333333,"STORM",1939,3,165
"11",1940-01-02,24206,27522.6666666667,"STORM",1940,1,93
"12",1940-12-20,34115,31038.3333333333,"STORM",1941,12,85
"13",1941-12-03,36285,29901.6666666667,"STORM",1942,12,67
"14",1942-11-18,37784,28957.3333333333,"STORM",1943,11,52
"15",1944-02-03,29188,29331.3333333333,"STORM",1944,2,125
"16",1944-11-11,30004,27560.6666666667,"STORM",1945,11,46
"17",1945-11-30,25373,25319.6666666667,"STORM",1946,11,64
"18",1946-12-06,28282,26428.6666666667,"STORM",1947,12,70
"19",1948-01-05,29141,27314.3333333333,"STORM",1948,1,96
"20",1949-03-02,17852,26828.6666666667,"STORM",1949,3,152
"21",1950-01-17,25182,26865.3333333333,"STORM",1950,1,108
"22",1950-11-17,17640,33880,"STORM",1951,11,51
"23",1951-12-01,31781,33374,"STORM",1952,12,65
"24",1952-12-08,33591,31104.3333333333,"STORM",1953,12,73
"25",1954-01-18,36676,31809.3333333333,"STORM",1954,1,109
"26",1954-11-17,31172,27995.3333333333,"STORM",1955,11,51
"27",1955-12-09,28000,26700,"STORM",1956,12,73
"28",1957-02-24,23100,27066.6666666667,"STORM",1957,2,146
"29",1957-10-16,27000,25300,"STORM",1958,10,19
"30",1959-01-10,28000,28933.3333333333,"STORM",1959,1,101
"31",1960-02-03,27600,25066.6666666667,"STORM",1960,2,125
"32",1960-12-03,28100,26000,"STORM",1961,12,68
"33",1961-12-03,28500,26600,"STORM",1962,12,67
"34",1962-10-13,36000,39133.3333333333,"STORM",1963,10,16
"35",1963-11-17,28100,26200,"STORM",1964,11,51
"36",1964-12-21,23300,30633.3333333333,"STORM",1965,12,86
"37",1965-11-18,25400,26700,"STORM",1966,11,52
"38",1966-11-21,26300,26800,"STORM",1967,11,55
"39",1968-01-16,28400,27100,"STORM",1968,1,107
"40",1968-12-16,27600,27233.3333333333,"STORM",1969,12,81
"41",1969-12-14,25700,25366.6666666667,"STORM",1970,12,78
"42",1970-11-26,25100,25833.3333333333,"STORM",1971,11,60
"43",1971-12-25,28400,27733.3333333333,"STORM",1972,12,89
"44",1972-11-15,26000,27533.3333333333,"STORM",1973,11,50
"45",1973-11-11,25000,28433.3333333333,"STORM",1974,11,45
"46",1974-11-22,26000,25866.6666666667,"STORM",1975,11,56
"47",1975-11-24,26100,25933.3333333333,"STORM",1976,11,58
"48",1978-01-06,34700,30666.6666666667,"STORM",1978,1,97
"49",1979-01-12,30500,28366.6666666667,"STORM",1979,1,103
"50",1979-12-25,25800,27700,"STORM",1980,12,89
"51",1980-12-06,29900,28000,"STORM",1981,12,71
"52",1981-11-16,27900,27933.3333333333,"STORM",1982,11,50
"53",1982-11-02,25800,25300,"STORM",1983,11,36
"54",1983-10-01,25400,25333.3333333333,"STORM",1984,10,4
"55",1984-11-14,29500,28666.6666666667,"STORM",1985,11,49
"56",1985-12-03,24200,25933.3333333333,"STORM",1986,12,67
"57",1987-02-14,26400,25133.3333333333,"STORM",1987,2,136
"58",1987-12-12,27500,25833.3333333333,"STORM",1988,12,76
"59",1989-03-08,27500,26133.3333333333,"STORM",1989,3,158
"60",1990-01-14,26300,27366.6666666667,"STORM",1990,1,105
"61",1991-03-05,31600,28333.3333333333,"STORM",1991,3,155
"62",1992-02-13,31800,28766.6666666667,"STORM",1992,2,135
"63",1992-12-12,29500,28033.3333333333,"STORM",1993,12,77
"64",1993-12-12,26300,25900,"STORM",1994,12,76
"65",1994-12-05,28300,26100,"STORM",1995,12,69
"66",1995-12-13,25700,27700,"STORM",1996,12,77
"67",1996-12-05,21200,25733.3333333333,"STORM",1997,12,70
"68",1997-11-29,26600,25233.3333333333,"STORM",1998,11,63
"69",1998-11-23,24400,25700,"STORM",1999,11,57
"70",2000-01-21,24400,25266.6666666667,"STORM",2000,1,112
"71",2001-01-28,28900,26866.6666666667,"STORM",2001,1,119
"72",2001-12-03,28900,28500,"STORM",2002,12,67
"73",2002-12-16,34600,33500,"STORM",2003,12,80
"74",2003-12-13,26000,25400,"STORM",2004,12,77
"75",2004-12-11,28800,26900,"STORM",2005,12,76
"76",2005-12-04,28300,25833.3333333333,"STORM",2006,12,68
"77",2007-02-11,27800,28133.3333333333,"STORM",2007,2,133
"78",2008-01-06,31300,29000,"STORM",2008,1,97
"79",2009-02-18,32700,29600,"STORM",2009,2,140
"80",2010-01-20,30400,30133.3333333333,"STORM",2010,1,111
"81",2010-12-08,27900,26766.6666666667,"STORM",2011,12,72
"82",2012-01-24,27400,27200,"STORM",2012,1,115
"83",2012-12-01,31100,32033.3333333333,"STORM",2013,12,66
"84",2014-03-07,27900,26633.3333333333,"STORM",2014,3,157
"85",2014-12-06,28100,25600,"STORM",2015,12,70
"86",2016-01-17,25700,25800,"STORM",2016,1,108
"87",2016-12-11,27200,27766.6666666667,"STORM",2017,12,76
"88",2018-01-11,27400,26300,"STORM",2018,1,102
"89",2019-01-09,27700,26900,"STORM",2019,1,100
"90",2021-10-26,34500,31300,"STORM",2022,10,29
"91",2022-12-30,26800,27766.6666666667,"STORM",2023,12,94
"92",2024-01-20,25300,25233.3333333333,"STORM",2024,1,111
