"WY_adj","DayofFF","FFDOWY_adj","3DayAvgVol_preFF","3DayAvgVol_postFF","NumStorms_postFF","PeakDate","PeakVolume","FFtoPeak_days","PreFFtoPeak_mag"
1958,1957-11-15,76,31826.7768595041,55110.7438016529,10,1957-11-16,58750.4132231405,1,26923.6363636364
1959,1959-01-11,133,49219.173553719,78191.0743801653,1,1959-01-15,99205.2892561983,4,49986.1157024793
1960,1960-02-03,156,33804.2975206612,61857.8512396694,2,1960-02-08,77867.1074380165,5,44062.8099173554
1961,1960-12-03,94,33162.3140495868,63160.3305785124,2,1960-12-04,66664.4628099174,1,33502.1487603306
1962,1961-12-03,94,29897.520661157,63676.694214876,5,1961-12-04,67735.5371900826,1,37838.0165289256
1963,1962-10-13,43,19136.5289256198,288070.743801653,6,1962-10-15,450436.363636364,2,431299.834710744
1964,1963-11-16,77,33501.4876033058,52013.8842975207,1,1963-11-22,58748.4297520661,6,25246.9421487603
1965,1964-11-11,72,20791.4049586777,46012.5619834711,6,1964-11-14,49693.8842975207,3,28902.479338843
1966,1965-12-30,121,45928.5950413223,63531.2396694215,1,1965-12-31,64540.1652892562,1,18611.5702479339
1967,1966-11-21,82,38023.1404958678,66225.4545454545,5,1966-11-23,74653.8842975207,2,36630.7438016529
1968,1968-01-12,134,28111.0743801653,45321.652892562,3,1968-01-12,48166.6115702479,0,20055.5371900826
1969,1968-12-12,103,27981.4876033058,48348.4297520661,6,1968-12-17,65992.0661157025,5,38010.5785123967
1970,1969-12-14,105,34325.9504132231,60115.041322314,4,1969-12-16,64877.3553719008,2,30551.4049586777
1971,1970-11-29,90,55208.5950413223,98644.6280991736,3,1970-12-05,210610.909090909,6,155402.314049587
1972,NA,NA,NA,NA,0,NA,NA,NA,NA
1973,1972-11-16,77,47016.8595041322,76454.2148760331,6,1972-11-18,79795.041322314,2,32778.1818181818
1974,1973-11-12,73,43491.5702479339,101174.214876033,5,1973-11-19,230284.958677686,7,186793.388429752
1975,1975-02-02,155,32774.2148760331,70170.5785123967,5,1975-02-04,84684.2975206612,2,51910.0826446281
1976,NA,NA,NA,NA,0,NA,NA,NA,NA
1977,NA,NA,NA,NA,0,NA,NA,NA,NA
1978,1977-12-17,108,17190.0826446281,40264.4628099174,5,1977-12-19,43834.7107438017,2,26644.6280991736
1979,1979-01-12,134,32956.694214876,66740.4958677686,5,1979-01-15,76688.9256198347,3,43732.2314049587
1980,1979-12-25,116,33047.2727272727,79484.2975206612,2,1979-12-28,98409.9173553719,3,65362.6446280992
1981,1980-12-05,96,25732.2314049587,55570.9090909091,3,1980-12-06,59335.5371900826,1,33603.305785124
1982,1981-11-18,79,55436.694214876,86694.8760330579,9,1981-11-20,90481.9834710744,2,35045.2892561983
1983,1982-11-19,80,42571.2396694215,81955.041322314,9,1982-11-25,95353.3884297521,6,52782.1487603306
1984,1983-11-11,72,37242.3140495868,73115.3719008264,5,1983-11-17,117528.595041322,6,80286.2809917355
1985,1984-11-14,75,37810.2479338843,67549.7520661157,1,1984-11-19,74759.0082644628,5,36948.7603305785
1986,1986-01-18,140,30777.520661157,63839.3388429752,3,1986-01-20,69411.5702479339,2,38634.0495867769
1987,1987-02-14,167,26747.7685950413,61188.7603305785,2,1987-02-15,66676.3636363636,1,39928.5950413223
1988,1988-01-05,127,28596.3636363636,73062.479338843,0,1988-01-07,80221.4876033058,2,51625.1239669421
1989,1988-11-24,85,18304.132231405,48842.9752066116,2,1988-11-25,57371.9008264463,1,39067.7685950413
1990,1990-01-10,132,31652.8925619835,45471.0743801653,1,1990-01-14,52214.8760330578,4,20561.9834710744
1991,1991-03-05,186,25016.8595041322,73711.7355371901,2,1991-03-06,80362.3140495868,1,55345.4545454545
1992,1992-02-12,165,16699.5041322314,58282.3140495868,1,1992-02-16,98156.0330578512,4,81456.5289256198
1993,1992-12-11,102,21926.6115702479,55730.2479338843,10,1992-12-13,62562.6446280992,2,40636.0330578512
1994,1994-02-09,162,29998.0165289256,58821.8181818182,0,1994-02-10,62649.9173553719,1,32651.9008264463
1995,1994-12-05,96,22304.132231405,60479.3388429752,10,1994-12-06,68677.6859504132,1,46373.5537190083
1996,1995-12-13,104,31186.1157024793,77937.1900826446,6,1995-12-18,97765.2892561983,5,66579.173553719
1997,1996-12-06,97,34899.8347107438,80784.7933884298,3,1996-12-10,83381.1570247934,4,48481.3223140496
1998,1997-12-02,93,50780.826446281,57123.9669421488,9,1997-12-02,62507.1074380165,0,11726.2809917355
1999,1998-12-02,93,71584.7933884298,101512.727272727,3,1998-12-08,126981.818181818,6,55397.0247933884
2000,2000-01-25,147,55519.3388429752,98608.9256198347,3,2000-01-26,104931.570247934,1,49412.2314049587
2001,2001-01-27,149,32183.1404958678,56507.1074380165,2,2001-01-28,61279.3388429752,1,29096.1983471074
2002,2001-12-03,94,38667.1074380165,69025.4545454545,4,2001-12-04,73511.4049586777,1,34844.2975206612
2003,2002-12-16,107,30657.8512396694,95568.9256198347,5,2002-12-19,115491.570247934,3,84833.7190082645
2004,2003-12-26,117,63958.347107438,89873.0578512397,4,2004-01-01,116382.148760331,6,52423.8016528926
2005,2004-12-10,101,28932.8925619835,53402.3140495868,5,2004-12-11,57173.5537190083,1,28240.6611570248
2006,2005-12-21,112,37939.8347107438,76768.2644628099,8,2005-12-23,89523.9669421488,2,51584.132231405
2007,2007-02-11,164,30862.8099173554,72705.4545454545,0,2007-02-13,82133.5537190083,2,51270.7438016529
2008,2008-01-05,127,22414.5454545455,59544.4628099174,2,2008-01-07,73576.8595041322,2,51162.3140495868
2009,2009-02-17,170,24684.958677686,60194.3801652893,3,2009-02-20,76988.4297520661,3,52303.4710743802
2010,2010-01-20,142,34317.3553719008,87200,1,2010-01-24,127588.760330579,4,93271.4049586777
2011,2010-12-16,107,63682.6446280992,104861.487603306,5,2010-12-17,110461.487603306,1,46778.8429752066
2012,2012-01-23,145,27074.3801652893,54870.7438016529,3,2012-01-25,63137.8512396694,2,36063.4710743802
2013,2012-12-01,92,29242.9752066116,92366.9421487603,1,2012-12-04,122538.842975207,3,93295.8677685951
2014,2014-03-06,187,40084.6280991736,53043.9669421488,0,2014-03-07,55557.0247933884,1,15472.3966942149
2015,2014-12-12,103,40109.7520661157,82150.0826446281,1,2014-12-16,114241.983471074,4,74132.2314049587
2016,2016-01-08,130,23198.6776859504,46856.1983471074,2,2016-01-09,50187.7685950413,1,26989.0909090909
2017,2016-12-11,102,29566.9421487603,72487.9338842975,11,2016-12-14,87982.8099173554,3,58415.867768595
2018,2018-03-22,203,49336.8595041322,101035.371900826,1,2018-03-24,117933.223140496,2,68596.3636363636
2019,2019-01-17,139,53217.1900826446,92430.4132231405,6,2019-01-21,119125.289256198,4,65908.0991735537
2020,NA,NA,NA,NA,0,NA,NA,NA,NA
2021,NA,NA,NA,NA,0,NA,NA,NA,NA
2022,2021-10-25,55,20361.652892562,64024.4628099174,2,2021-10-27,72091.2396694215,2,51729.5867768595
2023,2022-12-30,121,23925.9504132231,81858.5123966942,4,2023-01-03,141506.776859504,4,117580.826446281
2024,2024-01-23,145,56506.4462809917,86653.2231404959,2,2024-01-26,93998.6776859504,3,37492.2314049587
2025,NA,NA,NA,NA,0,NA,NA,NA,NA
