Year,Survey,Date,Station,Net,AlphaCode,SizeGroup,Length,Frequency,PlusCount,Comments,TowArea,TowVolume
2025,1,2025-01-15T00:00:00Z,101,1,LONSME,0,63,1,NA,NA,NA,5856.375
2025,1,2025-01-15T00:00:00Z,101,1,LONSME,0,117,1,NA,NA,NA,5856.375
2025,1,2025-01-15T00:00:00Z,101,2,LONSME,0,62,1,NA,NA,633.8000094,NA
2025,1,2025-01-15T00:00:00Z,102,2,LONSME,0,61,1,NA,NA,1014.079977,NA
2025,1,2025-01-14T00:00:00Z,106,2,LONSME,0,63,1,NA,NA,1394.359992,NA
2025,1,2025-01-14T00:00:00Z,106,2,LONSME,0,70,2,NA,NA,1394.359992,NA
2025,1,2025-01-14T00:00:00Z,106,2,LONSME,0,71,1,NA,NA,1394.359992,NA
2025,1,2025-01-14T00:00:00Z,106,2,LONSME,0,72,1,NA,NA,1394.359992,NA
2025,1,2025-01-14T00:00:00Z,106,2,LONSME,0,79,1,NA,NA,1394.359992,NA
2025,1,2025-01-14T00:00:00Z,106,2,LONSME,0,91,1,NA,NA,1394.359992,NA
2025,1,2025-01-14T00:00:00Z,106,2,LONSME,0,95,1,NA,NA,1394.359992,NA
2025,1,2025-01-14T00:00:00Z,106,2,LONSME,0,97,1,NA,NA,1394.359992,NA
2025,1,2025-01-14T00:00:00Z,106,2,LONSME,0,110,1,NA,NA,1394.359992,NA
2025,1,2025-01-15T00:00:00Z,107,2,LONSME,0,56,1,NA,NA,760.559983,NA
2025,1,2025-01-15T00:00:00Z,107,2,LONSME,0,57,1,NA,NA,760.559983,NA
2025,1,2025-01-15T00:00:00Z,107,2,LONSME,0,58,1,NA,NA,760.559983,NA
2025,1,2025-01-15T00:00:00Z,107,2,LONSME,0,60,1,NA,NA,760.559983,NA
2025,1,2025-01-15T00:00:00Z,107,2,LONSME,0,61,1,NA,NA,760.559983,NA
2025,1,2025-01-15T00:00:00Z,107,2,LONSME,0,62,1,NA,NA,760.559983,NA
2025,1,2025-01-15T00:00:00Z,107,2,LONSME,0,63,1,NA,NA,760.559983,NA
2025,1,2025-01-15T00:00:00Z,107,2,LONSME,0,64,3,NA,NA,760.559983,NA
2025,1,2025-01-15T00:00:00Z,107,2,LONSME,0,67,1,NA,NA,760.559983,NA
2025,1,2025-01-15T00:00:00Z,107,2,LONSME,0,68,3,NA,NA,760.559983,NA
2025,1,2025-01-15T00:00:00Z,107,2,LONSME,0,69,2,NA,NA,760.559983,NA
2025,1,2025-01-15T00:00:00Z,107,2,LONSME,0,70,1,NA,NA,760.559983,NA
2025,1,2025-01-15T00:00:00Z,107,2,LONSME,0,71,1,NA,NA,760.559983,NA
2025,1,2025-01-15T00:00:00Z,107,2,LONSME,0,74,1,NA,NA,760.559983,NA
2025,1,2025-01-15T00:00:00Z,107,2,LONSME,0,78,1,NA,NA,760.559983,NA
2025,1,2025-01-15T00:00:00Z,107,2,LONSME,0,80,2,NA,NA,760.559983,NA
2025,1,2025-01-14T00:00:00Z,108,1,LONSME,0,54,1,NA,NA,NA,6480.825
2025,1,2025-01-14T00:00:00Z,108,1,LONSME,0,55,1,NA,NA,NA,6480.825
2025,1,2025-01-14T00:00:00Z,108,1,LONSME,0,56,1,NA,NA,NA,6480.825
2025,1,2025-01-14T00:00:00Z,108,1,LONSME,0,57,1,NA,NA,NA,6480.825
2025,1,2025-01-14T00:00:00Z,108,1,LONSME,0,59,1,NA,NA,NA,6480.825
2025,1,2025-01-14T00:00:00Z,108,1,LONSME,0,61,1,NA,NA,NA,6480.825
2025,1,2025-01-14T00:00:00Z,108,1,LONSME,0,63,1,NA,NA,NA,6480.825
2025,1,2025-01-14T00:00:00Z,108,1,LONSME,0,67,1,NA,NA,NA,6480.825
2025,1,2025-01-14T00:00:00Z,108,1,LONSME,0,69,1,NA,NA,NA,6480.825
2025,1,2025-01-14T00:00:00Z,108,2,LONSME,0,57,1,NA,"Deleted 3 extra fish from this tow, 10/17/25",1077.460011,NA
2025,1,2025-01-14T00:00:00Z,108,2,LONSME,0,60,1,NA,NA,1077.460011,NA
2025,1,2025-01-14T00:00:00Z,108,2,LONSME,0,63,1,NA,NA,1077.460011,NA
2025,1,2025-01-14T00:00:00Z,108,2,LONSME,0,64,1,NA,NA,1077.460011,NA
2025,1,2025-01-14T00:00:00Z,108,2,LONSME,0,68,1,NA,NA,1077.460011,NA
2025,1,2025-01-14T00:00:00Z,108,2,LONSME,0,101,1,NA,NA,1077.460011,NA
2025,1,2025-01-14T00:00:00Z,110,2,LONSME,0,61,1,NA,NA,443.6600019,NA
2025,1,2025-01-14T00:00:00Z,110,2,LONSME,0,65,2,NA,NA,443.6600019,NA
2025,1,2025-01-14T00:00:00Z,110,2,LONSME,0,66,1,NA,NA,443.6600019,NA
2025,1,2025-01-15T00:00:00Z,140,1,LONSME,0,56,1,NA,NA,NA,6509
2025,1,2025-01-15T00:00:00Z,140,1,LONSME,0,67,1,NA,NA,NA,6509
2025,1,2025-01-15T00:00:00Z,140,2,LONSME,0,63,1,NA,NA,823.9399698,NA
2025,1,2025-01-13T00:00:00Z,215,1,LONSME,0,71,1,NA,NA,NA,5731.6
2025,1,2025-01-13T00:00:00Z,215,2,LONSME,0,63,1,NA,NA,1267.600019,NA
2025,1,2025-01-13T00:00:00Z,243,1,LONSME,0,55,1,NA,NA,NA,5541.85
2025,1,2025-01-13T00:00:00Z,243,1,LONSME,0,64,2,NA,NA,NA,5541.85
2025,1,2025-01-13T00:00:00Z,243,1,LONSME,0,65,1,NA,NA,NA,5541.85
2025,1,2025-01-13T00:00:00Z,243,1,LONSME,0,66,1,NA,NA,NA,5541.85
2025,1,2025-01-13T00:00:00Z,243,1,LONSME,0,63,1,NA,"Retowed, 1 Longfin Smelt ESA",NA,5541.85
2025,1,2025-01-09T00:00:00Z,317,1,LONSME,0,66,1,NA,NA,NA,7213.95
2025,1,2025-01-09T00:00:00Z,317,1,LONSME,0,71,1,NA,NA,NA,7213.95
2025,1,2025-01-09T00:00:00Z,319,2,LONSME,0,61,1,NA,Added 10/17/25,1330.979958,NA
2025,1,2025-01-09T00:00:00Z,319,2,LONSME,0,72,1,NA,Added 10/17/25,1330.979958,NA
2025,1,2025-01-09T00:00:00Z,320,2,LONSME,0,64,1,NA,NA,1014.079977,NA
2025,1,2025-01-09T00:00:00Z,320,2,LONSME,0,78,1,NA,NA,1014.079977,NA
2025,1,2025-01-09T00:00:00Z,321,1,LONSME,0,55,1,NA,NA,NA,5623.5
2025,1,2025-01-09T00:00:00Z,321,1,LONSME,0,57,1,NA,NA,NA,5623.5
2025,1,2025-01-09T00:00:00Z,321,1,LONSME,0,61,1,NA,NA,NA,5623.5
2025,1,2025-01-09T00:00:00Z,321,1,LONSME,0,64,1,NA,NA,NA,5623.5
2025,1,2025-01-09T00:00:00Z,321,2,LONSME,0,60,1,NA,NA,760.559983,NA
2025,1,2025-01-09T00:00:00Z,321,2,LONSME,0,61,1,NA,NA,760.559983,NA
2025,1,2025-01-09T00:00:00Z,321,2,LONSME,0,63,1,NA,NA,760.559983,NA
2025,1,2025-01-09T00:00:00Z,322,2,LONSME,0,57,1,NA,NA,633.8000094,NA
2025,1,2025-01-09T00:00:00Z,322,2,LONSME,0,58,3,NA,NA,633.8000094,NA
2025,1,2025-01-09T00:00:00Z,322,2,LONSME,0,59,3,NA,NA,633.8000094,NA
2025,1,2025-01-09T00:00:00Z,322,2,LONSME,0,61,2,NA,NA,633.8000094,NA
2025,1,2025-01-09T00:00:00Z,322,2,LONSME,0,62,1,NA,NA,633.8000094,NA
2025,1,2025-01-09T00:00:00Z,322,2,LONSME,0,63,4,NA,NA,633.8000094,NA
2025,1,2025-01-09T00:00:00Z,322,2,LONSME,0,66,2,NA,NA,633.8000094,NA
2025,1,2025-01-09T00:00:00Z,322,2,LONSME,0,67,1,NA,NA,633.8000094,NA
2025,1,2025-01-09T00:00:00Z,322,2,LONSME,0,68,1,NA,NA,633.8000094,NA
2025,1,2025-01-09T00:00:00Z,322,2,LONSME,0,73,1,NA,NA,633.8000094,NA
2025,1,2025-01-09T00:00:00Z,322,2,LONSME,0,82,1,NA,NA,633.8000094,NA
2025,1,2025-01-09T00:00:00Z,325,2,LONSME,0,59,1,NA,NA,697.1799962,NA
2025,1,2025-01-09T00:00:00Z,325,2,LONSME,0,60,1,NA,NA,697.1799962,NA
2025,1,2025-01-09T00:00:00Z,325,2,LONSME,0,62,1,NA,NA,697.1799962,NA
2025,1,2025-01-09T00:00:00Z,325,2,LONSME,0,63,1,NA,NA,697.1799962,NA
2025,1,2025-01-09T00:00:00Z,325,2,LONSME,0,64,2,NA,NA,697.1799962,NA
2025,1,2025-01-09T00:00:00Z,325,2,LONSME,0,70,2,NA,NA,697.1799962,NA
2025,1,2025-01-09T00:00:00Z,325,2,LONSME,0,77,1,NA,NA,697.1799962,NA
2025,1,2025-01-09T00:00:00Z,345,1,LONSME,0,58,1,NA,NA,NA,2796.5125
2025,1,2025-01-09T00:00:00Z,345,1,LONSME,0,65,1,NA,NA,NA,2796.5125
2025,1,2025-01-09T00:00:00Z,345,1,LONSME,0,77,1,NA,NA,NA,2796.5125
2025,1,2025-01-09T00:00:00Z,345,2,LONSME,0,66,1,NA,NA,443.6600019,NA
2025,1,2025-01-09T00:00:00Z,346,1,LONSME,0,58,1,NA,NA,NA,6936.8
2025,1,2025-01-09T00:00:00Z,346,1,LONSME,0,60,2,NA,NA,NA,6936.8
2025,1,2025-01-09T00:00:00Z,346,1,LONSME,0,61,1,NA,NA,NA,6936.8
2025,1,2025-01-09T00:00:00Z,346,1,LONSME,0,62,2,NA,NA,NA,6936.8
2025,1,2025-01-09T00:00:00Z,346,1,LONSME,0,63,2,NA,NA,NA,6936.8
2025,1,2025-01-09T00:00:00Z,346,1,LONSME,0,65,2,NA,NA,NA,6936.8
2025,1,2025-01-09T00:00:00Z,346,1,LONSME,0,66,1,NA,NA,NA,6936.8
2025,1,2025-01-09T00:00:00Z,346,1,LONSME,0,67,2,NA,NA,NA,6936.8
2025,1,2025-01-09T00:00:00Z,346,1,LONSME,0,68,1,NA,NA,NA,6936.8
2025,1,2025-01-09T00:00:00Z,346,1,LONSME,0,91,1,NA,NA,NA,6936.8
2025,1,2025-01-09T00:00:00Z,346,1,LONSME,0,111,1,NA,NA,NA,6936.8
2025,1,2025-01-08T00:00:00Z,427,1,LONSME,0,56,1,NA,NA,NA,2731.825
2025,1,2025-01-08T00:00:00Z,427,1,LONSME,0,60,2,NA,NA,NA,2731.825
2025,1,2025-01-08T00:00:00Z,427,1,LONSME,0,62,1,NA,NA,NA,2731.825
2025,1,2025-01-08T00:00:00Z,427,1,LONSME,0,68,1,NA,NA,NA,2731.825
2025,1,2025-01-08T00:00:00Z,427,1,LONSME,0,69,1,NA,NA,NA,2731.825
2025,1,2025-01-08T00:00:00Z,427,1,LONSME,0,70,1,NA,NA,NA,2731.825
2025,1,2025-01-08T00:00:00Z,427,1,LONSME,0,71,2,NA,NA,NA,2731.825
2025,1,2025-01-08T00:00:00Z,427,1,LONSME,0,73,1,NA,NA,NA,2731.825
2025,1,2025-01-08T00:00:00Z,427,1,LONSME,0,74,2,NA,NA,NA,2731.825
2025,1,2025-01-08T00:00:00Z,427,1,LONSME,0,77,1,NA,NA,NA,2731.825
2025,1,2025-01-08T00:00:00Z,427,1,LONSME,0,80,1,NA,NA,NA,2731.825
2025,1,2025-01-08T00:00:00Z,427,1,LONSME,0,83,2,NA,NA,NA,2731.825
2025,1,2025-01-08T00:00:00Z,427,2,LONSME,0,79,1,NA,NA,2091.540083,NA
2025,1,2025-01-08T00:00:00Z,428,1,LONSME,0,62,1,NA,NA,NA,4531.575
2025,1,2025-01-08T00:00:00Z,428,1,LONSME,0,63,1,NA,NA,NA,4531.575
2025,1,2025-01-08T00:00:00Z,428,1,LONSME,0,67,2,NA,NA,NA,4531.575
2025,1,2025-01-08T00:00:00Z,428,1,LONSME,0,68,1,NA,NA,NA,4531.575
2025,1,2025-01-08T00:00:00Z,428,1,LONSME,0,69,2,NA,NA,NA,4531.575
2025,1,2025-01-08T00:00:00Z,428,1,LONSME,0,71,1,NA,NA,NA,4531.575
2025,1,2025-01-08T00:00:00Z,428,1,LONSME,0,77,1,NA,NA,NA,4531.575
2025,1,2025-01-08T00:00:00Z,428,1,LONSME,0,105,1,NA,NA,NA,4531.575
2025,1,2025-01-08T00:00:00Z,428,1,LONSME,0,119,1,NA,NA,NA,4531.575
2025,1,2025-01-08T00:00:00Z,429,1,LONSME,0,74,1,NA,NA,NA,5044.1875
2025,1,2025-01-08T00:00:00Z,430,1,LONSME,0,66,1,NA,NA,NA,7296.175
2025,1,2025-01-08T00:00:00Z,432,1,LONSME,0,56,1,NA,NA,NA,4579.0125
2025,1,2025-01-08T00:00:00Z,432,1,LONSME,0,67,1,NA,NA,NA,4579.0125
2025,1,2025-01-08T00:00:00Z,432,1,LONSME,0,69,1,NA,NA,NA,4579.0125
2025,1,2025-01-08T00:00:00Z,432,1,LONSME,0,70,1,NA,NA,NA,4579.0125
2025,1,2025-01-08T00:00:00Z,432,1,LONSME,0,71,1,NA,NA,NA,4579.0125
2025,1,2025-01-08T00:00:00Z,432,1,LONSME,0,72,1,NA,NA,NA,4579.0125
2025,1,2025-01-08T00:00:00Z,432,1,LONSME,0,74,1,NA,NA,NA,4579.0125
2025,1,2025-01-08T00:00:00Z,432,1,LONSME,0,76,1,NA,NA,NA,4579.0125
2025,1,2025-01-08T00:00:00Z,432,1,LONSME,0,82,1,NA,NA,NA,4579.0125
2025,1,2025-01-08T00:00:00Z,432,1,LONSME,0,90,1,NA,NA,NA,4579.0125
2025,1,2025-01-08T00:00:00Z,432,2,LONSME,0,79,1,NA,"Retowed, 1 Longfin Smelt ESA",1838.019947,NA
2025,1,2025-01-08T00:00:00Z,433,1,LONSME,0,93,1,NA,NA,NA,6499.225
2025,1,2025-01-08T00:00:00Z,433,1,LONSME,0,99,1,NA,NA,NA,6499.225
2025,1,2025-01-08T00:00:00Z,535,2,LONSME,0,118,1,NA,NA,443.6600019,NA
2025,2,2025-02-11T00:00:00Z,108,1,LONSME,0,63,1,NA,NA,NA,7408.3
2025,2,2025-02-11T00:00:00Z,108,1,LONSME,0,67,1,NA,NA,NA,7408.3
2025,2,2025-02-11T00:00:00Z,108,1,LONSME,0,69,1,NA,NA,NA,7408.3
2025,2,2025-02-11T00:00:00Z,108,1,LONSME,0,70,1,NA,NA,NA,7408.3
2025,2,2025-02-11T00:00:00Z,108,2,LONSME,0,54,1,NA,NA,1521.119966,NA
2025,2,2025-02-11T00:00:00Z,108,2,LONSME,0,61,2,NA,NA,1521.119966,NA
2025,2,2025-02-11T00:00:00Z,108,2,LONSME,0,62,1,NA,NA,1521.119966,NA
2025,2,2025-02-11T00:00:00Z,108,2,LONSME,0,65,1,NA,NA,1521.119966,NA
2025,2,2025-02-11T00:00:00Z,108,2,LONSME,0,65,1,NA,NA,1521.119966,NA
2025,2,2025-02-11T00:00:00Z,108,2,LONSME,0,66,1,NA,NA,1521.119966,NA
2025,2,2025-02-11T00:00:00Z,108,2,LONSME,0,68,1,NA,NA,1521.119966,NA
2025,2,2025-02-11T00:00:00Z,108,2,LONSME,0,70,2,NA,"Added 1 at 70, 10/17/25",1521.119966,NA
2025,2,2025-02-11T00:00:00Z,108,2,LONSME,0,72,1,NA,NA,1521.119966,NA
2025,2,2025-02-11T00:00:00Z,108,2,LONSME,0,73,1,NA,NA,1521.119966,NA
2025,2,2025-02-11T00:00:00Z,108,2,LONSME,0,73,1,NA,NA,1521.119966,NA
2025,2,2025-02-11T00:00:00Z,108,2,LONSME,0,80,1,NA,NA,1521.119966,NA
2025,2,2025-02-11T00:00:00Z,108,2,LONSME,0,103,1,NA,NA,1521.119966,NA
2025,2,2025-02-11T00:00:00Z,110,2,LONSME,0,76,1,NA,NA,507.0399887,NA
2025,2,2025-02-10T00:00:00Z,211,2,LONSME,0,77,1,NA,NA,633.8000094,NA
2025,2,2025-02-10T00:00:00Z,213,2,LONSME,0,70,1,NA,NA,633.8000094,NA
2025,2,2025-02-10T00:00:00Z,213,2,LONSME,0,75,1,NA,NA,633.8000094,NA
2025,2,2025-02-10T00:00:00Z,213,2,LONSME,0,79,1,NA,NA,633.8000094,NA
2025,2,2025-02-10T00:00:00Z,214,2,LONSME,0,110,1,NA,NA,1140.840045,NA
2025,2,2025-02-10T00:00:00Z,216,1,LONSME,0,68,1,NA,NA,NA,1970.2375
2025,2,2025-02-10T00:00:00Z,216,2,LONSME,0,75,1,NA,NA,1901.400076,NA
2025,2,2025-02-10T00:00:00Z,243,2,LONSME,0,61,1,NA,NA,1267.600019,NA
2025,2,2025-02-10T00:00:00Z,243,2,LONSME,0,66,1,NA,NA,1267.600019,NA
2025,2,2025-02-10T00:00:00Z,243,2,LONSME,0,68,1,NA,NA,1267.600019,NA
2025,2,2025-02-10T00:00:00Z,243,2,LONSME,0,72,1,NA,NA,1267.600019,NA
2025,2,2025-02-06T00:00:00Z,317,1,LONSME,0,66,1,NA,NA,NA,6315.5125
2025,2,2025-02-06T00:00:00Z,317,1,LONSME,0,67,1,NA,NA,NA,6315.5125
2025,2,2025-02-06T00:00:00Z,317,1,LONSME,0,72,1,NA,NA,NA,6315.5125
2025,2,2025-02-06T00:00:00Z,317,1,LONSME,0,79,1,NA,NA,NA,6315.5125
2025,2,2025-02-06T00:00:00Z,318,2,LONSME,0,75,1,NA,NA,1014.079977,NA
2025,2,2025-02-06T00:00:00Z,318,2,LONSME,0,77,1,NA,NA,1014.079977,NA
2025,2,2025-02-06T00:00:00Z,318,2,LONSME,0,81,1,NA,NA,1014.079977,NA
2025,2,2025-02-06T00:00:00Z,318,2,LONSME,0,110,1,NA,NA,1014.079977,NA
2025,2,2025-02-06T00:00:00Z,320,2,LONSME,0,62,1,NA,NA,1330.979958,NA
2025,2,2025-02-06T00:00:00Z,320,2,LONSME,0,80,1,NA,NA,1330.979958,NA
2025,2,2025-02-06T00:00:00Z,321,1,LONSME,0,72,1,NA,NA,NA,6886.4875
2025,2,2025-02-06T00:00:00Z,321,1,LONSME,0,73,1,NA,NA,NA,6886.4875
2025,2,2025-02-06T00:00:00Z,321,1,LONSME,0,80,1,NA,NA,NA,6886.4875
2025,2,2025-02-06T00:00:00Z,321,1,LONSME,0,81,1,NA,NA,NA,6886.4875
2025,2,2025-02-06T00:00:00Z,322,1,LONSME,0,67,1,NA,NA,NA,5252.3375
2025,2,2025-02-06T00:00:00Z,323,1,LONSME,0,67,1,NA,NA,NA,6536.6
2025,2,2025-02-06T00:00:00Z,323,1,LONSME,0,75,1,NA,NA,NA,6536.6
2025,2,2025-02-06T00:00:00Z,323,1,LONSME,0,84,1,NA,NA,NA,6536.6
2025,2,2025-02-06T00:00:00Z,323,1,LONSME,0,102,1,NA,NA,NA,6536.6
2025,2,2025-02-06T00:00:00Z,325,2,LONSME,0,60,1,NA,NA,760.559983,NA
2025,2,2025-02-06T00:00:00Z,325,2,LONSME,0,66,1,NA,NA,760.559983,NA
2025,2,2025-02-06T00:00:00Z,345,1,LONSME,0,62,1,NA,NA,NA,9264.6875
2025,2,2025-02-06T00:00:00Z,345,1,LONSME,0,63,1,NA,NA,NA,9264.6875
2025,2,2025-02-06T00:00:00Z,345,1,LONSME,0,71,1,NA,NA,NA,9264.6875
2025,2,2025-02-06T00:00:00Z,345,1,LONSME,0,73,1,NA,NA,NA,9264.6875
2025,2,2025-02-06T00:00:00Z,345,1,LONSME,0,80,1,NA,NA,NA,9264.6875
2025,2,2025-02-06T00:00:00Z,345,1,LONSME,0,82,1,NA,NA,NA,9264.6875
2025,2,2025-02-06T00:00:00Z,345,1,LONSME,0,83,1,NA,NA,NA,9264.6875
2025,2,2025-02-06T00:00:00Z,346,1,LONSME,0,62,1,NA,NA,NA,9277.625
2025,2,2025-02-06T00:00:00Z,346,1,LONSME,0,67,1,NA,NA,NA,9277.625
2025,2,2025-02-06T00:00:00Z,346,1,LONSME,0,68,1,NA,NA,NA,9277.625
2025,2,2025-02-06T00:00:00Z,346,1,LONSME,0,69,1,NA,NA,NA,9277.625
2025,2,2025-02-06T00:00:00Z,346,1,LONSME,0,86,1,NA,NA,NA,9277.625
2025,2,2025-02-06T00:00:00Z,346,1,LONSME,0,110,1,NA,NA,NA,9277.625
2025,2,2025-02-06T00:00:00Z,346,1,LONSME,0,111,1,NA,NA,NA,9277.625
2025,2,2025-02-06T00:00:00Z,346,2,LONSME,0,72,1,NA,NA,1521.119966,NA
2025,2,2025-02-06T00:00:00Z,346,2,LONSME,0,83,1,NA,NA,1521.119966,NA
2025,2,2025-02-06T00:00:00Z,346,2,LONSME,0,112,1,NA,NA,1521.119966,NA
2025,2,2025-02-05T00:00:00Z,427,1,LONSME,0,67,1,NA,NA,NA,5823.8875
2025,2,2025-02-05T00:00:00Z,428,1,LONSME,0,86,1,NA,NA,NA,5139.0625
2025,2,2025-02-05T00:00:00Z,429,1,LONSME,0,86,1,NA,NA,NA,5177.3
2025,2,2025-02-05T00:00:00Z,429,1,LONSME,0,87,1,NA,NA,NA,5177.3
2025,2,2025-02-05T00:00:00Z,429,1,LONSME,0,90,1,NA,NA,NA,5177.3
2025,2,2025-02-05T00:00:00Z,429,1,LONSME,0,101,1,NA,NA,NA,5177.3
2025,2,2025-02-05T00:00:00Z,430,1,LONSME,0,78,1,NA,NA,NA,6865.7875
2025,2,2025-02-05T00:00:00Z,430,1,LONSME,0,79,1,NA,NA,NA,6865.7875
2025,2,2025-02-05T00:00:00Z,432,1,LONSME,0,72,1,NA,NA,NA,5652.25
2025,2,2025-02-05T00:00:00Z,432,1,LONSME,0,73,1,NA,NA,NA,5652.25
2025,2,2025-02-05T00:00:00Z,432,1,LONSME,0,77,1,NA,NA,NA,5652.25
2025,2,2025-02-05T00:00:00Z,432,1,LONSME,0,79,1,NA,NA,NA,5652.25
2025,2,2025-02-05T00:00:00Z,432,1,LONSME,0,81,1,NA,NA,NA,5652.25
2025,2,2025-02-05T00:00:00Z,447,1,LONSME,0,80,1,NA,NA,NA,6196.2
2025,2,2025-02-05T00:00:00Z,447,1,LONSME,0,83,1,NA,NA,NA,6196.2
2025,2,2025-02-05T00:00:00Z,535,1,LONSME,0,83,1,NA,NA,NA,5768.975
2025,2,2025-02-05T00:00:00Z,535,1,LONSME,0,84,1,NA,NA,NA,5768.975
2025,2,2025-02-05T00:00:00Z,535,2,LONSME,0,87,1,NA,NA,697.1799962,NA
2025,2,2025-02-04T00:00:00Z,750,1,LONSME,0,76,1,NA,NA,NA,7667.05
2025,3,2025-03-13T00:00:00Z,101,2,LONSME,0,78,1,NA,Corrected net 10/17/25,443.6600019,NA
2025,3,2025-03-11T00:00:00Z,108,2,LONSME,0,70,1,NA,NA,1077.460011,NA
2025,3,2025-03-11T00:00:00Z,108,2,LONSME,0,75,1,NA,NA,1077.460011,NA
2025,3,2025-03-11T00:00:00Z,108,2,LONSME,0,76,1,NA,NA,1077.460011,NA
2025,3,2025-03-11T00:00:00Z,108,2,LONSME,0,81,1,NA,NA,1077.460011,NA
2025,3,2025-03-10T00:00:00Z,216,2,LONSME,0,63,1,NA,NA,1140.840045,NA
2025,3,2025-03-06T00:00:00Z,318,1,LONSME,0,78,1,NA,NA,NA,6210.8625
2025,3,2025-03-06T00:00:00Z,320,1,LONSME,0,67,1,NA,NA,NA,6433.1
2025,3,2025-03-06T00:00:00Z,320,1,LONSME,0,76,1,NA,NA,NA,6433.1
2025,3,2025-03-06T00:00:00Z,320,1,LONSME,0,78,1,NA,NA,NA,6433.1
2025,3,2025-03-06T00:00:00Z,321,1,LONSME,0,83,1,NA,NA,NA,6503.5375
2025,3,2025-03-06T00:00:00Z,321,1,LONSME,0,99,1,NA,NA,NA,6503.5375
2025,3,2025-03-06T00:00:00Z,322,1,LONSME,0,76,1,NA,NA,NA,6767.75
2025,3,2025-03-06T00:00:00Z,322,1,LONSME,0,79,1,NA,NA,NA,6767.75
2025,3,2025-03-06T00:00:00Z,325,1,LONSME,0,67,1,NA,NA,NA,4328.6
2025,3,2025-03-06T00:00:00Z,325,1,LONSME,0,77,1,NA,NA,NA,4328.6
2025,3,2025-03-06T00:00:00Z,325,1,LONSME,0,80,1,NA,NA,NA,4328.6
2025,3,2025-03-06T00:00:00Z,325,2,LONSME,0,66,1,NA,NA,1774.640008,NA
2025,3,2025-03-06T00:00:00Z,345,1,LONSME,0,74,1,NA,NA,NA,4039.375
2025,3,2025-03-06T00:00:00Z,346,1,LONSME,0,63,1,NA,NA,NA,2700.4875
2025,3,2025-03-06T00:00:00Z,346,1,LONSME,0,87,1,NA,NA,NA,2700.4875
2025,3,2025-03-05T00:00:00Z,429,1,LONSME,0,91,1,NA,NA,NA,5088.175
2025,3,2025-03-05T00:00:00Z,432,1,LONSME,0,96,1,NA,NA,NA,5373.0875
2025,3,2025-03-05T00:00:00Z,433,2,LONSME,0,89,1,NA,NA,760.559983,NA
2025,3,2025-03-05T00:00:00Z,447,1,LONSME,0,73,1,NA,"Retowed, 1 Longfin Smelt ESA",NA,7106.425
2025,3,2025-03-05T00:00:00Z,535,2,LONSME,0,105,1,NA,NA,1077.460011,NA
2025,3,2025-03-04T00:00:00Z,751,2,LONSME,0,84,1,NA,NA,570.4200227,NA
2025,4,2025-04-21T00:00:00Z,345,1,LONSME,0,40,1,NA,NA,NA,2611.9375
2025,4,2025-04-21T00:00:00Z,346,2,LONSME,0,43,1,NA,NA,1014.079977,NA
2025,4,2025-04-17T00:00:00Z,427,1,LONSME,8,20,2,NA,NA,NA,6139.85
2025,4,2025-04-17T00:00:00Z,427,1,LONSME,8,21,6,NA,NA,NA,6139.85
2025,4,2025-04-17T00:00:00Z,427,1,LONSME,8,22,7,NA,NA,NA,6139.85
2025,4,2025-04-17T00:00:00Z,427,1,LONSME,8,23,7,NA,NA,NA,6139.85
2025,4,2025-04-17T00:00:00Z,427,1,LONSME,8,24,1,NA,NA,NA,6139.85
2025,4,2025-04-17T00:00:00Z,427,1,LONSME,8,25,3,NA,NA,NA,6139.85
2025,4,2025-04-17T00:00:00Z,427,1,LONSME,8,26,2,NA,NA,NA,6139.85
2025,4,2025-04-17T00:00:00Z,427,1,LONSME,8,27,1,NA,NA,NA,6139.85
2025,4,2025-04-17T00:00:00Z,427,1,LONSME,8,29,1,NA,NA,NA,6139.85
2025,4,2025-04-17T00:00:00Z,427,1,LONSME,8,NA,NA,2,Added plus count 10/17/25,NA,6139.85
2025,4,2025-04-17T00:00:00Z,427,2,LONSME,8,22,1,NA,NA,1204.219985,NA
2025,4,2025-04-17T00:00:00Z,427,2,LONSME,8,23,1,NA,NA,1204.219985,NA
2025,4,2025-04-17T00:00:00Z,427,2,LONSME,8,24,2,NA,NA,1204.219985,NA
2025,4,2025-04-17T00:00:00Z,427,2,LONSME,8,25,3,NA,NA,1204.219985,NA
2025,4,2025-04-17T00:00:00Z,427,2,LONSME,8,26,2,NA,NA,1204.219985,NA
2025,4,2025-04-17T00:00:00Z,427,2,LONSME,8,27,3,NA,NA,1204.219985,NA
2025,4,2025-04-17T00:00:00Z,427,2,LONSME,8,28,2,NA,NA,1204.219985,NA
2025,4,2025-04-17T00:00:00Z,427,2,LONSME,8,29,1,NA,NA,1204.219985,NA
2025,4,2025-04-17T00:00:00Z,428,1,LONSME,8,20,1,NA,NA,NA,5651.3875
2025,4,2025-04-17T00:00:00Z,428,1,LONSME,8,21,3,NA,NA,NA,5651.3875
2025,4,2025-04-17T00:00:00Z,428,1,LONSME,8,22,4,NA,NA,NA,5651.3875
2025,4,2025-04-17T00:00:00Z,428,1,LONSME,8,23,3,NA,NA,NA,5651.3875
2025,4,2025-04-17T00:00:00Z,428,1,LONSME,8,24,2,NA,NA,NA,5651.3875
2025,4,2025-04-17T00:00:00Z,428,1,LONSME,8,27,3,NA,NA,NA,5651.3875
2025,4,2025-04-17T00:00:00Z,428,1,LONSME,8,NA,NA,11,smashed/ripped,NA,5651.3875
2025,4,2025-04-17T00:00:00Z,428,2,LONSME,8,20,3,NA,NA,760.559983,NA
2025,4,2025-04-17T00:00:00Z,428,2,LONSME,8,21,5,NA,NA,760.559983,NA
2025,4,2025-04-17T00:00:00Z,428,2,LONSME,8,22,1,NA,NA,760.559983,NA
2025,4,2025-04-17T00:00:00Z,428,2,LONSME,8,23,2,NA,NA,760.559983,NA
2025,4,2025-04-17T00:00:00Z,428,2,LONSME,8,24,3,NA,NA,760.559983,NA
2025,4,2025-04-17T00:00:00Z,428,2,LONSME,8,28,2,NA,NA,760.559983,NA
2025,4,2025-04-17T00:00:00Z,428,2,LONSME,8,29,1,NA,NA,760.559983,NA
2025,4,2025-04-17T00:00:00Z,428,2,LONSME,8,NA,NA,1,smashed/ripped,760.559983,NA
2025,4,2025-04-17T00:00:00Z,428,2,LONSME,8,21,2,NA,4 LONSME caught in bad tow:,760.559983,NA
2025,4,2025-04-17T00:00:00Z,428,2,LONSME,8,23,2,NA,NA,760.559983,NA
2025,4,2025-04-17T00:00:00Z,429,1,LONSME,8,20,1,NA,NA,NA,5948.375
2025,4,2025-04-17T00:00:00Z,429,1,LONSME,8,21,4,NA,NA,NA,5948.375
2025,4,2025-04-17T00:00:00Z,429,1,LONSME,8,22,4,NA,NA,NA,5948.375
2025,4,2025-04-17T00:00:00Z,429,1,LONSME,8,23,3,NA,NA,NA,5948.375
2025,4,2025-04-17T00:00:00Z,429,1,LONSME,8,24,1,NA,NA,NA,5948.375
2025,4,2025-04-17T00:00:00Z,429,1,LONSME,8,25,1,NA,NA,NA,5948.375
2025,4,2025-04-17T00:00:00Z,429,1,LONSME,8,26,1,NA,NA,NA,5948.375
2025,4,2025-04-17T00:00:00Z,429,2,LONSME,8,22,2,NA,NA,380.2799915,NA
2025,4,2025-04-17T00:00:00Z,429,2,LONSME,8,23,2,NA,NA,380.2799915,NA
2025,4,2025-04-17T00:00:00Z,430,1,LONSME,8,21,1,NA,NA,NA,6839.9125
2025,4,2025-04-17T00:00:00Z,430,1,LONSME,8,22,1,NA,NA,NA,6839.9125
2025,4,2025-04-17T00:00:00Z,430,1,LONSME,8,23,1,NA,NA,NA,6839.9125
2025,4,2025-04-17T00:00:00Z,430,1,LONSME,8,24,1,NA,NA,NA,6839.9125
2025,4,2025-04-17T00:00:00Z,430,2,LONSME,8,28,1,NA,NA,697.1799962,NA
2025,4,2025-04-17T00:00:00Z,431,1,LONSME,8,20,2,NA,NA,NA,6579.4375
2025,4,2025-04-17T00:00:00Z,431,1,LONSME,8,21,11,NA,NA,NA,6579.4375
2025,4,2025-04-17T00:00:00Z,431,1,LONSME,8,22,6,NA,NA,NA,6579.4375
2025,4,2025-04-17T00:00:00Z,431,1,LONSME,8,23,12,NA,NA,NA,6579.4375
2025,4,2025-04-17T00:00:00Z,431,1,LONSME,8,24,1,NA,NA,NA,6579.4375
2025,4,2025-04-17T00:00:00Z,431,1,LONSME,8,27,2,NA,NA,NA,6579.4375
2025,4,2025-04-17T00:00:00Z,431,2,LONSME,8,22,1,NA,NA,633.8000094,NA
2025,4,2025-04-17T00:00:00Z,431,2,LONSME,8,23,1,NA,NA,633.8000094,NA
2025,4,2025-04-17T00:00:00Z,431,2,LONSME,8,24,1,NA,NA,633.8000094,NA
2025,4,2025-04-17T00:00:00Z,432,1,LONSME,8,20,1,NA,Did not keep LONSME-> poor condition,NA,6145.6
2025,4,2025-04-17T00:00:00Z,432,2,LONSME,8,22,1,NA,NA,760.559983,NA
2025,4,2025-04-17T00:00:00Z,432,2,LONSME,8,23,1,NA,NA,760.559983,NA
2025,4,2025-04-17T00:00:00Z,433,1,LONSME,8,20,1,NA,NA,NA,5834.525
2025,4,2025-04-17T00:00:00Z,433,1,LONSME,8,21,1,NA,NA,NA,5834.525
2025,4,2025-04-17T00:00:00Z,433,1,LONSME,8,22,2,NA,NA,NA,5834.525
2025,4,2025-04-17T00:00:00Z,447,1,LONSME,8,21,2,NA,NA,NA,7007.8125
2025,4,2025-04-17T00:00:00Z,447,1,LONSME,8,22,3,NA,NA,NA,7007.8125
2025,4,2025-04-17T00:00:00Z,447,1,LONSME,8,23,6,NA,NA,NA,7007.8125
2025,4,2025-04-17T00:00:00Z,447,1,LONSME,8,24,8,NA,NA,NA,7007.8125
2025,4,2025-04-17T00:00:00Z,447,1,LONSME,8,25,4,NA,NA,NA,7007.8125
2025,4,2025-04-17T00:00:00Z,447,1,LONSME,8,26,3,NA,NA,NA,7007.8125
2025,4,2025-04-17T00:00:00Z,447,1,LONSME,8,27,7,NA,NA,NA,7007.8125
2025,4,2025-04-17T00:00:00Z,447,1,LONSME,8,28,2,NA,NA,NA,7007.8125
2025,4,2025-04-17T00:00:00Z,447,1,LONSME,8,30,1,NA,NA,NA,7007.8125
2025,4,2025-04-17T00:00:00Z,447,1,LONSME,8,31,1,NA,NA,NA,7007.8125
2025,4,2025-04-17T00:00:00Z,447,1,LONSME,8,33,1,NA,NA,NA,7007.8125
2025,4,2025-04-17T00:00:00Z,534,1,LONSME,8,21,1,NA,NA,NA,6349.15
2025,5,2025-05-20T00:00:00Z,109,2,LONSME,8,34,2,NA,NA,570.4200227,NA
2025,5,2025-05-20T00:00:00Z,109,2,LONSME,8,35,2,NA,NA,570.4200227,NA
2025,5,2025-05-20T00:00:00Z,109,2,LONSME,8,36,1,NA,NA,570.4200227,NA
2025,5,2025-05-20T00:00:00Z,109,2,LONSME,8,37,1,NA,NA,570.4200227,NA
2025,5,2025-05-20T00:00:00Z,110,2,LONSME,8,20,1,NA,NA,570.4200227,NA
2025,5,2025-05-20T00:00:00Z,110,2,LONSME,8,35,1,NA,NA,570.4200227,NA
2025,5,2025-05-19T00:00:00Z,211,1,LONSME,0,43,4,NA,NA,NA,5656.85
2025,5,2025-05-19T00:00:00Z,211,1,LONSME,0,44,1,NA,NA,NA,5656.85
2025,5,2025-05-19T00:00:00Z,211,1,LONSME,0,45,2,NA,NA,NA,5656.85
2025,5,2025-05-19T00:00:00Z,211,1,LONSME,0,47,2,NA,NA,NA,5656.85
2025,5,2025-05-19T00:00:00Z,211,1,LONSME,0,48,1,NA,NA,NA,5656.85
2025,5,2025-05-19T00:00:00Z,211,1,LONSME,0,50,1,NA,NA,NA,5656.85
2025,5,2025-05-19T00:00:00Z,211,1,LONSME,0,53,1,NA,NA,NA,5656.85
2025,5,2025-05-19T00:00:00Z,211,1,LONSME,0,55,1,NA,NA,NA,5656.85
2025,5,2025-05-19T00:00:00Z,211,1,LONSME,0,56,3,NA,NA,NA,5656.85
2025,5,2025-05-19T00:00:00Z,211,1,LONSME,0,57,1,NA,NA,NA,5656.85
2025,5,2025-05-19T00:00:00Z,211,1,LONSME,8,29,1,NA,NA,NA,5656.85
2025,5,2025-05-19T00:00:00Z,211,1,LONSME,8,32,2,NA,NA,NA,5656.85
2025,5,2025-05-19T00:00:00Z,211,1,LONSME,8,35,1,NA,NA,NA,5656.85
2025,5,2025-05-19T00:00:00Z,211,1,LONSME,8,37,1,NA,NA,NA,5656.85
2025,5,2025-05-19T00:00:00Z,211,1,LONSME,8,38,2,NA,NA,NA,5656.85
2025,5,2025-05-19T00:00:00Z,211,1,LONSME,8,39,1,NA,NA,NA,5656.85
2025,5,2025-05-19T00:00:00Z,211,2,LONSME,0,40,2,NA,NA,887.3200038,NA
2025,5,2025-05-19T00:00:00Z,211,2,LONSME,0,41,4,NA,NA,887.3200038,NA
2025,5,2025-05-19T00:00:00Z,211,2,LONSME,0,42,1,NA,NA,887.3200038,NA
2025,5,2025-05-19T00:00:00Z,211,2,LONSME,0,43,7,NA,NA,887.3200038,NA
2025,5,2025-05-19T00:00:00Z,211,2,LONSME,0,46,1,NA,NA,887.3200038,NA
2025,5,2025-05-19T00:00:00Z,211,2,LONSME,0,47,1,NA,NA,887.3200038,NA
2025,5,2025-05-19T00:00:00Z,211,2,LONSME,0,48,1,NA,NA,887.3200038,NA
2025,5,2025-05-19T00:00:00Z,211,2,LONSME,0,49,1,NA,NA,887.3200038,NA
2025,5,2025-05-19T00:00:00Z,211,2,LONSME,0,50,1,NA,NA,887.3200038,NA
2025,5,2025-05-19T00:00:00Z,211,2,LONSME,0,53,1,NA,NA,887.3200038,NA
2025,5,2025-05-19T00:00:00Z,211,2,LONSME,8,30,2,NA,NA,887.3200038,NA
2025,5,2025-05-19T00:00:00Z,211,2,LONSME,8,31,7,NA,NA,887.3200038,NA
2025,5,2025-05-19T00:00:00Z,211,2,LONSME,8,32,7,NA,NA,887.3200038,NA
2025,5,2025-05-19T00:00:00Z,211,2,LONSME,8,33,4,NA,NA,887.3200038,NA
2025,5,2025-05-19T00:00:00Z,211,2,LONSME,8,34,3,NA,NA,887.3200038,NA
2025,5,2025-05-19T00:00:00Z,211,2,LONSME,8,35,8,NA,NA,887.3200038,NA
2025,5,2025-05-19T00:00:00Z,211,2,LONSME,8,36,4,NA,NA,887.3200038,NA
2025,5,2025-05-19T00:00:00Z,211,2,LONSME,8,37,7,NA,NA,887.3200038,NA
2025,5,2025-05-19T00:00:00Z,211,2,LONSME,8,38,3,NA,NA,887.3200038,NA
2025,5,2025-05-19T00:00:00Z,211,2,LONSME,8,39,5,NA,NA,887.3200038,NA
2025,5,2025-05-19T00:00:00Z,211,2,LONSME,8,NA,NA,15,50+ fish (11 plus 4 from shrimp),887.3200038,NA
2025,5,2025-05-19T00:00:00Z,212,2,LONSME,8,31,1,NA,NA,887.3200038,NA
2025,5,2025-05-19T00:00:00Z,212,2,LONSME,8,36,1,NA,NA,887.3200038,NA
2025,5,2025-05-19T00:00:00Z,213,2,LONSME,8,36,1,NA,NA,443.6600019,NA
2025,5,2025-05-19T00:00:00Z,214,1,LONSME,8,30,1,NA,NA,NA,5522.875
2025,5,2025-05-19T00:00:00Z,214,1,LONSME,8,32,1,NA,NA,NA,5522.875
2025,5,2025-05-19T00:00:00Z,214,1,LONSME,8,38,1,NA,NA,NA,5522.875
2025,5,2025-05-19T00:00:00Z,214,2,LONSME,8,28,1,NA,NA,633.8000094,NA
2025,5,2025-05-19T00:00:00Z,215,1,LONSME,0,87,1,NA,NA,NA,4671.3
2025,5,2025-05-19T00:00:00Z,215,1,LONSME,0,89,1,NA,NA,NA,4671.3
2025,5,2025-05-19T00:00:00Z,215,1,LONSME,0,94,1,NA,NA,NA,4671.3
2025,5,2025-05-19T00:00:00Z,215,1,LONSME,0,115,1,NA,NA,NA,4671.3
2025,5,2025-05-19T00:00:00Z,215,1,LONSME,8,32,1,NA,NA,NA,4671.3
2025,5,2025-05-19T00:00:00Z,215,1,LONSME,8,35,1,NA,NA,NA,4671.3
2025,5,2025-05-19T00:00:00Z,215,2,LONSME,0,40,1,NA,NA,316.9000047,NA
2025,5,2025-05-19T00:00:00Z,215,2,LONSME,8,31,2,NA,NA,316.9000047,NA
2025,5,2025-05-19T00:00:00Z,215,2,LONSME,8,35,1,NA,NA,316.9000047,NA
2025,5,2025-05-19T00:00:00Z,215,2,LONSME,8,36,1,NA,NA,316.9000047,NA
2025,5,2025-05-19T00:00:00Z,216,2,LONSME,0,49,1,NA,NA,1077.460011,NA
2025,5,2025-05-19T00:00:00Z,216,2,LONSME,8,33,1,NA,NA,1077.460011,NA
2025,5,2025-05-19T00:00:00Z,216,2,LONSME,8,34,1,NA,NA,1077.460011,NA
2025,5,2025-05-19T00:00:00Z,216,2,LONSME,8,37,2,NA,NA,1077.460011,NA
2025,5,2025-05-19T00:00:00Z,243,1,LONSME,0,52,1,NA,NA,NA,7698.1
2025,5,2025-05-19T00:00:00Z,243,2,LONSME,8,36,1,NA,NA,950.7000378,NA
2025,5,2025-05-19T00:00:00Z,243,2,LONSME,8,38,1,NA,NA,950.7000378,NA
2025,5,2025-05-19T00:00:00Z,243,2,LONSME,8,NA,NA,2,partial bodies,950.7000378,NA
2025,5,2025-05-08T00:00:00Z,317,2,LONSME,8,31,2,NA,NA,823.9399698,NA
2025,5,2025-05-08T00:00:00Z,317,2,LONSME,8,33,1,NA,NA,823.9399698,NA
2025,5,2025-05-08T00:00:00Z,317,2,LONSME,8,35,1,NA,NA,823.9399698,NA
2025,5,2025-05-08T00:00:00Z,320,2,LONSME,8,32,1,NA,NA,1077.460011,NA
2025,5,2025-05-08T00:00:00Z,320,2,LONSME,8,33,1,NA,NA,1077.460011,NA
2025,5,2025-05-08T00:00:00Z,321,2,LONSME,8,29,1,NA,NA,1077.460011,NA
2025,5,2025-05-08T00:00:00Z,323,2,LONSME,0,45,1,NA,NA,887.3200038,NA
2025,5,2025-05-08T00:00:00Z,323,2,LONSME,0,71,1,NA,NA,887.3200038,NA
2025,5,2025-05-08T00:00:00Z,323,2,LONSME,8,34,1,NA,NA,887.3200038,NA
2025,5,2025-05-08T00:00:00Z,325,1,LONSME,8,34,1,NA,NA,NA,7477.875
2025,5,2025-05-08T00:00:00Z,325,2,LONSME,8,39,1,NA,NA,887.3200038,NA
2025,5,2025-05-08T00:00:00Z,345,2,LONSME,8,28,1,NA,NA,950.7000378,NA
2025,5,2025-05-08T00:00:00Z,346,1,LONSME,0,41,1,NA,NA,NA,7386.7375
2025,5,2025-05-08T00:00:00Z,346,1,LONSME,0,42,1,NA,NA,NA,7386.7375
2025,5,2025-05-08T00:00:00Z,346,1,LONSME,8,32,1,NA,NA,NA,7386.7375
2025,5,2025-05-08T00:00:00Z,346,1,LONSME,8,33,2,NA,NA,NA,7386.7375
2025,5,2025-05-08T00:00:00Z,346,1,LONSME,8,39,1,NA,NA,NA,7386.7375
2025,5,2025-05-08T00:00:00Z,346,2,LONSME,0,87,1,NA,NA,760.559983,NA
2025,5,2025-05-07T00:00:00Z,427,1,LONSME,0,43,2,NA,NA,NA,4136.55
2025,5,2025-05-07T00:00:00Z,427,1,LONSME,8,31,1,NA,NA,NA,4136.55
2025,5,2025-05-07T00:00:00Z,427,1,LONSME,8,33,1,NA,NA,NA,4136.55
2025,5,2025-05-07T00:00:00Z,427,2,LONSME,0,40,1,NA,NA,950.7000378,NA
2025,5,2025-05-07T00:00:00Z,427,2,LONSME,0,83,1,NA,NA,950.7000378,NA
2025,5,2025-05-07T00:00:00Z,427,2,LONSME,8,27,1,NA,NA,950.7000378,NA
2025,5,2025-05-07T00:00:00Z,427,2,LONSME,8,30,1,NA,NA,950.7000378,NA
2025,5,2025-05-07T00:00:00Z,427,2,LONSME,8,31,1,NA,NA,950.7000378,NA
2025,5,2025-05-07T00:00:00Z,427,2,LONSME,8,32,1,NA,NA,950.7000378,NA
2025,5,2025-05-07T00:00:00Z,427,2,LONSME,8,33,1,NA,NA,950.7000378,NA
2025,5,2025-05-07T00:00:00Z,427,2,LONSME,8,34,1,NA,NA,950.7000378,NA
2025,5,2025-05-07T00:00:00Z,427,2,LONSME,8,36,1,NA,NA,950.7000378,NA
2025,5,2025-05-07T00:00:00Z,428,1,LONSME,0,41,1,NA,NA,NA,5794.275
2025,5,2025-05-07T00:00:00Z,428,1,LONSME,0,75,1,NA,NA,NA,5794.275
2025,5,2025-05-07T00:00:00Z,428,1,LONSME,0,77,1,NA,NA,NA,5794.275
2025,5,2025-05-07T00:00:00Z,428,1,LONSME,8,31,1,NA,NA,NA,5794.275
2025,5,2025-05-07T00:00:00Z,428,1,LONSME,8,36,1,NA,NA,NA,5794.275
2025,5,2025-05-07T00:00:00Z,428,2,LONSME,8,34,2,NA,NA,697.1799962,NA
2025,5,2025-05-07T00:00:00Z,428,2,LONSME,8,35,2,NA,NA,697.1799962,NA
2025,5,2025-05-07T00:00:00Z,429,1,LONSME,8,20,1,NA,NA,NA,6567.65
2025,5,2025-05-07T00:00:00Z,429,1,LONSME,8,32,1,NA,NA,NA,6567.65
2025,5,2025-05-07T00:00:00Z,430,1,LONSME,8,21,1,NA,NA,NA,7572.175
2025,5,2025-05-07T00:00:00Z,430,1,LONSME,8,22,1,NA,NA,NA,7572.175
2025,5,2025-05-07T00:00:00Z,430,1,LONSME,8,24,1,NA,NA,NA,7572.175
2025,5,2025-05-07T00:00:00Z,430,1,LONSME,8,26,1,NA,NA,NA,7572.175
2025,5,2025-05-07T00:00:00Z,430,1,LONSME,8,32,1,NA,NA,NA,7572.175
2025,5,2025-05-07T00:00:00Z,430,1,LONSME,8,33,1,NA,NA,NA,7572.175
2025,5,2025-05-07T00:00:00Z,430,1,LONSME,8,NA,NA,1,damaged,NA,7572.175
2025,5,2025-05-07T00:00:00Z,430,2,LONSME,8,27,1,NA,NA,507.0399887,NA
2025,5,2025-05-07T00:00:00Z,430,2,LONSME,8,28,2,NA,NA,507.0399887,NA
2025,5,2025-05-07T00:00:00Z,430,2,LONSME,8,29,1,NA,NA,507.0399887,NA
2025,5,2025-05-07T00:00:00Z,430,2,LONSME,8,30,1,NA,NA,507.0399887,NA
2025,5,2025-05-07T00:00:00Z,430,2,LONSME,8,31,3,NA,NA,507.0399887,NA
2025,5,2025-05-07T00:00:00Z,430,2,LONSME,8,32,2,NA,NA,507.0399887,NA
2025,5,2025-05-07T00:00:00Z,430,2,LONSME,8,33,2,NA,NA,507.0399887,NA
2025,5,2025-05-07T00:00:00Z,430,2,LONSME,8,34,3,NA,NA,507.0399887,NA
2025,5,2025-05-07T00:00:00Z,431,1,LONSME,8,21,2,NA,NA,NA,7128.85
2025,5,2025-05-07T00:00:00Z,431,1,LONSME,8,23,4,NA,NA,NA,7128.85
2025,5,2025-05-07T00:00:00Z,431,1,LONSME,8,24,6,NA,NA,NA,7128.85
2025,5,2025-05-07T00:00:00Z,431,1,LONSME,8,26,3,NA,NA,NA,7128.85
2025,5,2025-05-07T00:00:00Z,431,1,LONSME,8,27,2,NA,NA,NA,7128.85
2025,5,2025-05-07T00:00:00Z,431,1,LONSME,8,28,5,NA,NA,NA,7128.85
2025,5,2025-05-07T00:00:00Z,431,1,LONSME,8,31,1,NA,NA,NA,7128.85
2025,5,2025-05-07T00:00:00Z,431,1,LONSME,8,32,2,NA,NA,NA,7128.85
2025,5,2025-05-07T00:00:00Z,431,1,LONSME,8,33,1,NA,NA,NA,7128.85
2025,5,2025-05-07T00:00:00Z,431,1,LONSME,8,35,1,NA,NA,NA,7128.85
2025,5,2025-05-07T00:00:00Z,431,1,LONSME,8,NA,NA,1,damaged,NA,7128.85
2025,5,2025-05-07T00:00:00Z,431,2,LONSME,8,21,5,NA,NA,697.1799962,NA
2025,5,2025-05-07T00:00:00Z,431,2,LONSME,8,22,1,NA,NA,697.1799962,NA
2025,5,2025-05-07T00:00:00Z,431,2,LONSME,8,23,7,NA,NA,697.1799962,NA
2025,5,2025-05-07T00:00:00Z,431,2,LONSME,8,24,3,NA,NA,697.1799962,NA
2025,5,2025-05-07T00:00:00Z,431,2,LONSME,8,25,5,NA,NA,697.1799962,NA
2025,5,2025-05-07T00:00:00Z,431,2,LONSME,8,26,5,NA,NA,697.1799962,NA
2025,5,2025-05-07T00:00:00Z,431,2,LONSME,8,27,4,NA,NA,697.1799962,NA
2025,5,2025-05-07T00:00:00Z,431,2,LONSME,8,28,4,NA,NA,697.1799962,NA
2025,5,2025-05-07T00:00:00Z,431,2,LONSME,8,29,6,NA,NA,697.1799962,NA
2025,5,2025-05-07T00:00:00Z,431,2,LONSME,8,31,4,NA,NA,697.1799962,NA
2025,5,2025-05-07T00:00:00Z,431,2,LONSME,8,32,1,NA,NA,697.1799962,NA
2025,5,2025-05-07T00:00:00Z,431,2,LONSME,8,33,1,NA,NA,697.1799962,NA
2025,5,2025-05-07T00:00:00Z,431,2,LONSME,8,34,1,NA,NA,697.1799962,NA
2025,5,2025-05-07T00:00:00Z,431,2,LONSME,8,36,3,NA,NA,697.1799962,NA
2025,5,2025-05-07T00:00:00Z,431,2,LONSME,8,NA,NA,51,50+ fish,697.1799962,NA
2025,5,2025-05-07T00:00:00Z,432,1,LONSME,8,32,1,NA,NA,NA,6033.7625
2025,5,2025-05-07T00:00:00Z,432,1,LONSME,8,33,1,NA,NA,NA,6033.7625
2025,5,2025-05-07T00:00:00Z,432,1,LONSME,8,36,1,NA,NA,NA,6033.7625
2025,5,2025-05-07T00:00:00Z,432,2,LONSME,8,30,1,NA,NA,887.3200038,NA
2025,5,2025-05-07T00:00:00Z,432,2,LONSME,8,31,1,NA,NA,887.3200038,NA
2025,5,2025-05-07T00:00:00Z,432,2,LONSME,8,32,1,NA,NA,887.3200038,NA
2025,5,2025-05-07T00:00:00Z,432,2,LONSME,8,33,2,NA,NA,887.3200038,NA
2025,5,2025-05-07T00:00:00Z,433,1,LONSME,8,20,1,NA,NA,NA,4358.2125
2025,5,2025-05-07T00:00:00Z,433,1,LONSME,8,21,1,NA,NA,NA,4358.2125
2025,5,2025-05-07T00:00:00Z,433,1,LONSME,8,22,4,NA,NA,NA,4358.2125
2025,5,2025-05-07T00:00:00Z,433,1,LONSME,8,23,5,NA,NA,NA,4358.2125
2025,5,2025-05-07T00:00:00Z,433,1,LONSME,8,24,3,NA,NA,NA,4358.2125
2025,5,2025-05-07T00:00:00Z,433,1,LONSME,8,26,2,NA,NA,NA,4358.2125
2025,5,2025-05-07T00:00:00Z,433,1,LONSME,8,28,1,NA,NA,NA,4358.2125
2025,5,2025-05-07T00:00:00Z,433,1,LONSME,8,29,2,NA,NA,NA,4358.2125
2025,5,2025-05-07T00:00:00Z,433,1,LONSME,8,30,1,NA,NA,NA,4358.2125
2025,5,2025-05-07T00:00:00Z,433,1,LONSME,8,31,1,NA,NA,NA,4358.2125
2025,5,2025-05-07T00:00:00Z,433,1,LONSME,8,32,3,NA,NA,NA,4358.2125
2025,5,2025-05-07T00:00:00Z,433,2,LONSME,8,21,3,NA,NA,1140.840045,NA
2025,5,2025-05-07T00:00:00Z,433,2,LONSME,8,22,2,NA,NA,1140.840045,NA
2025,5,2025-05-07T00:00:00Z,433,2,LONSME,8,23,5,NA,NA,1140.840045,NA
2025,5,2025-05-07T00:00:00Z,433,2,LONSME,8,24,4,NA,NA,1140.840045,NA
2025,5,2025-05-07T00:00:00Z,433,2,LONSME,8,26,1,NA,NA,1140.840045,NA
2025,5,2025-05-07T00:00:00Z,433,2,LONSME,8,27,3,NA,NA,1140.840045,NA
2025,5,2025-05-07T00:00:00Z,433,2,LONSME,8,28,2,NA,NA,1140.840045,NA
2025,5,2025-05-07T00:00:00Z,433,2,LONSME,8,30,1,NA,NA,1140.840045,NA
2025,5,2025-05-07T00:00:00Z,433,2,LONSME,8,31,1,NA,NA,1140.840045,NA
2025,5,2025-05-07T00:00:00Z,433,2,LONSME,8,32,2,NA,NA,1140.840045,NA
2025,5,2025-05-07T00:00:00Z,447,2,LONSME,8,31,1,NA,NA,1077.460011,NA
2025,5,2025-05-07T00:00:00Z,534,1,LONSME,8,20,4,NA,NA,NA,8044.825
2025,5,2025-05-07T00:00:00Z,534,1,LONSME,8,21,6,NA,NA,NA,8044.825
2025,5,2025-05-07T00:00:00Z,534,1,LONSME,8,22,5,NA,NA,NA,8044.825
2025,5,2025-05-07T00:00:00Z,534,1,LONSME,8,23,9,NA,NA,NA,8044.825
2025,5,2025-05-07T00:00:00Z,534,1,LONSME,8,24,4,NA,NA,NA,8044.825
2025,5,2025-05-07T00:00:00Z,534,1,LONSME,8,25,3,NA,NA,NA,8044.825
2025,5,2025-05-07T00:00:00Z,534,1,LONSME,8,26,1,NA,NA,NA,8044.825
2025,5,2025-05-07T00:00:00Z,534,1,LONSME,8,27,3,NA,NA,NA,8044.825
2025,5,2025-05-07T00:00:00Z,534,1,LONSME,8,28,1,NA,NA,NA,8044.825
2025,5,2025-05-07T00:00:00Z,534,1,LONSME,8,NA,NA,3,50+ fish,NA,8044.825
2025,5,2025-05-07T00:00:00Z,534,2,LONSME,8,24,1,NA,NA,380.2799915,NA
2025,5,2025-05-07T00:00:00Z,534,2,LONSME,8,25,2,NA,NA,380.2799915,NA
2025,5,2025-05-07T00:00:00Z,534,2,LONSME,8,27,2,NA,NA,380.2799915,NA
2025,5,2025-05-07T00:00:00Z,534,2,LONSME,8,28,1,NA,NA,380.2799915,NA
2025,5,2025-05-07T00:00:00Z,534,2,LONSME,8,31,1,NA,NA,380.2799915,NA
2025,5,2025-05-07T00:00:00Z,534,2,LONSME,8,32,1,NA,NA,380.2799915,NA
2025,5,2025-05-07T00:00:00Z,535,2,LONSME,8,24,1,NA,NA,823.9399698,NA
2025,6,2025-06-18T00:00:00Z,109,2,LONSME,0,44,1,NA,NA,823.9399698,NA
2025,6,2025-06-18T00:00:00Z,110,2,LONSME,0,44,1,NA,NA,633.8000094,NA
2025,6,2025-06-18T00:00:00Z,110,2,LONSME,0,46,1,NA,NA,633.8000094,NA
2025,6,2025-06-18T00:00:00Z,110,2,LONSME,0,52,1,NA,NA,633.8000094,NA
2025,6,2025-06-17T00:00:00Z,211,1,LONSME,0,40,1,NA,NA,NA,6623.1375
2025,6,2025-06-17T00:00:00Z,211,1,LONSME,0,46,1,NA,NA,NA,6623.1375
2025,6,2025-06-17T00:00:00Z,211,1,LONSME,0,52,1,NA,NA,NA,6623.1375
2025,6,2025-06-17T00:00:00Z,211,1,LONSME,0,53,1,NA,NA,NA,6623.1375
2025,6,2025-06-17T00:00:00Z,211,1,LONSME,0,60,1,NA,NA,NA,6623.1375
2025,6,2025-06-17T00:00:00Z,214,2,LONSME,0,43,1,NA,NA,1140.840045,NA
2025,6,2025-06-17T00:00:00Z,215,2,LONSME,0,40,1,0,head only ~40mm,380.2799915,NA
2025,6,2025-06-17T00:00:00Z,216,2,LONSME,0,40,1,NA,NA,507.0399887,NA
2025,6,2025-06-17T00:00:00Z,216,2,LONSME,0,41,1,NA,NA,507.0399887,NA
2025,6,2025-06-17T00:00:00Z,216,2,LONSME,0,42,1,NA,NA,507.0399887,NA
2025,6,2025-06-17T00:00:00Z,216,2,LONSME,0,47,1,NA,NA,507.0399887,NA
2025,6,2025-06-17T00:00:00Z,216,2,LONSME,0,NA,NA,2,"2 damaged, 1 from shrimp",507.0399887,NA
2025,6,2025-06-17T00:00:00Z,216,2,LONSME,8,35,1,NA,NA,507.0399887,NA
2025,6,2025-06-17T00:00:00Z,243,1,LONSME,8,35,1,NA,NA,NA,5823.025
2025,6,2025-06-17T00:00:00Z,243,2,LONSME,8,30,1,NA,NA,1077.460011,NA
2025,6,2025-06-17T00:00:00Z,243,2,LONSME,8,32,2,NA,NA,1077.460011,NA
2025,6,2025-06-17T00:00:00Z,243,2,LONSME,8,33,1,NA,NA,1077.460011,NA
2025,6,2025-06-17T00:00:00Z,243,2,LONSME,8,36,1,NA,NA,1077.460011,NA
2025,6,2025-06-17T00:00:00Z,243,2,LONSME,8,37,1,NA,NA,1077.460011,NA
2025,6,2025-06-17T00:00:00Z,243,2,LONSME,8,38,2,NA,NA,1077.460011,NA
2025,6,2025-06-16T00:00:00Z,317,1,LONSME,8,37,1,NA,NA,NA,7525.025
2025,6,2025-06-16T00:00:00Z,318,1,LONSME,0,47,1,NA,NA,NA,6967.275
2025,6,2025-06-16T00:00:00Z,318,1,LONSME,8,33,1,NA,NA,NA,6967.275
2025,6,2025-06-16T00:00:00Z,318,1,LONSME,8,34,1,NA,NA,NA,6967.275
2025,6,2025-06-16T00:00:00Z,318,2,LONSME,8,32,1,NA,NA,887.3200038,NA
2025,6,2025-06-16T00:00:00Z,318,2,LONSME,8,34,1,NA,NA,887.3200038,NA
2025,6,2025-06-16T00:00:00Z,318,2,LONSME,8,35,1,NA,NA,887.3200038,NA
2025,6,2025-06-16T00:00:00Z,319,2,LONSME,0,40,1,NA,NA,1014.079977,NA
2025,6,2025-06-16T00:00:00Z,319,2,LONSME,0,44,2,NA,NA,1014.079977,NA
2025,6,2025-06-16T00:00:00Z,319,2,LONSME,0,49,1,NA,NA,1014.079977,NA
2025,6,2025-06-16T00:00:00Z,319,2,LONSME,0,54,1,NA,NA,1014.079977,NA
2025,6,2025-06-16T00:00:00Z,319,2,LONSME,8,31,1,NA,NA,1014.079977,NA
2025,6,2025-06-16T00:00:00Z,319,2,LONSME,8,35,2,NA,NA,1014.079977,NA
2025,6,2025-06-16T00:00:00Z,319,2,LONSME,8,37,2,NA,NA,1014.079977,NA
2025,6,2025-06-16T00:00:00Z,319,2,LONSME,8,38,1,NA,NA,1014.079977,NA
2025,6,2025-06-16T00:00:00Z,320,1,LONSME,0,41,1,NA,NA,NA,7002.925
2025,6,2025-06-16T00:00:00Z,320,1,LONSME,0,43,2,NA,NA,NA,7002.925
2025,6,2025-06-16T00:00:00Z,320,1,LONSME,0,44,1,NA,NA,NA,7002.925
2025,6,2025-06-16T00:00:00Z,320,1,LONSME,0,46,1,NA,NA,NA,7002.925
2025,6,2025-06-16T00:00:00Z,320,1,LONSME,0,47,1,NA,NA,NA,7002.925
2025,6,2025-06-16T00:00:00Z,320,1,LONSME,0,48,2,NA,NA,NA,7002.925
2025,6,2025-06-16T00:00:00Z,320,1,LONSME,8,34,2,NA,NA,NA,7002.925
2025,6,2025-06-16T00:00:00Z,320,1,LONSME,8,35,1,NA,NA,NA,7002.925
2025,6,2025-06-16T00:00:00Z,320,1,LONSME,8,36,1,NA,NA,NA,7002.925
2025,6,2025-06-16T00:00:00Z,320,2,LONSME,0,41,1,NA,NA,570.4200227,NA
2025,6,2025-06-16T00:00:00Z,320,2,LONSME,0,42,2,NA,NA,570.4200227,NA
2025,6,2025-06-16T00:00:00Z,320,2,LONSME,0,43,1,NA,NA,570.4200227,NA
2025,6,2025-06-16T00:00:00Z,320,2,LONSME,0,45,1,NA,NA,570.4200227,NA
2025,6,2025-06-16T00:00:00Z,320,2,LONSME,8,30,1,NA,NA,570.4200227,NA
2025,6,2025-06-16T00:00:00Z,320,2,LONSME,8,32,1,NA,NA,570.4200227,NA
2025,6,2025-06-16T00:00:00Z,320,2,LONSME,8,33,2,NA,NA,570.4200227,NA
2025,6,2025-06-16T00:00:00Z,320,2,LONSME,8,37,1,NA,NA,570.4200227,NA
2025,6,2025-06-16T00:00:00Z,320,2,LONSME,8,39,2,NA,NA,570.4200227,NA
2025,6,2025-06-16T00:00:00Z,321,1,LONSME,0,40,2,NA,NA,NA,6961.8125
2025,6,2025-06-16T00:00:00Z,321,1,LONSME,0,41,1,NA,NA,NA,6961.8125
2025,6,2025-06-16T00:00:00Z,321,1,LONSME,0,42,2,NA,NA,NA,6961.8125
2025,6,2025-06-16T00:00:00Z,321,1,LONSME,0,43,1,NA,NA,NA,6961.8125
2025,6,2025-06-16T00:00:00Z,321,1,LONSME,0,46,1,NA,NA,NA,6961.8125
2025,6,2025-06-16T00:00:00Z,321,1,LONSME,8,33,2,NA,NA,NA,6961.8125
2025,6,2025-06-16T00:00:00Z,321,1,LONSME,8,37,1,NA,NA,NA,6961.8125
2025,6,2025-06-16T00:00:00Z,321,1,LONSME,8,38,2,NA,NA,NA,6961.8125
2025,6,2025-06-16T00:00:00Z,321,1,LONSME,8,39,1,NA,NA,NA,6961.8125
2025,6,2025-06-16T00:00:00Z,321,2,LONSME,0,43,1,NA,NA,1204.219985,NA
2025,6,2025-06-16T00:00:00Z,321,2,LONSME,8,36,1,NA,NA,1204.219985,NA
2025,6,2025-06-16T00:00:00Z,321,2,LONSME,8,37,1,NA,NA,1204.219985,NA
2025,6,2025-06-16T00:00:00Z,322,1,LONSME,0,40,1,NA,NA,NA,8039.075
2025,6,2025-06-16T00:00:00Z,322,1,LONSME,0,42,2,NA,NA,NA,8039.075
2025,6,2025-06-16T00:00:00Z,322,1,LONSME,0,43,2,NA,NA,NA,8039.075
2025,6,2025-06-16T00:00:00Z,322,1,LONSME,0,45,1,NA,NA,NA,8039.075
2025,6,2025-06-16T00:00:00Z,322,1,LONSME,0,47,1,NA,NA,NA,8039.075
2025,6,2025-06-16T00:00:00Z,322,1,LONSME,8,23,1,NA,NA,NA,8039.075
2025,6,2025-06-16T00:00:00Z,322,1,LONSME,8,27,1,NA,NA,NA,8039.075
2025,6,2025-06-16T00:00:00Z,322,1,LONSME,8,32,1,NA,NA,NA,8039.075
2025,6,2025-06-16T00:00:00Z,322,1,LONSME,8,35,1,NA,NA,NA,8039.075
2025,6,2025-06-16T00:00:00Z,322,1,LONSME,8,37,3,NA,NA,NA,8039.075
2025,6,2025-06-16T00:00:00Z,322,1,LONSME,8,38,1,NA,NA,NA,8039.075
2025,6,2025-06-16T00:00:00Z,322,1,LONSME,8,39,1,NA,NA,NA,8039.075
2025,6,2025-06-16T00:00:00Z,323,1,LONSME,0,40,1,NA,NA,NA,7792.4
2025,6,2025-06-16T00:00:00Z,323,2,LONSME,8,39,1,NA,NA,697.1799962,NA
2025,6,2025-06-16T00:00:00Z,325,1,LONSME,0,40,4,NA,NA,NA,5506.775
2025,6,2025-06-16T00:00:00Z,325,1,LONSME,0,41,2,NA,NA,NA,5506.775
2025,6,2025-06-16T00:00:00Z,325,1,LONSME,0,43,2,NA,NA,NA,5506.775
2025,6,2025-06-16T00:00:00Z,325,1,LONSME,0,44,1,NA,NA,NA,5506.775
2025,6,2025-06-16T00:00:00Z,325,1,LONSME,0,45,2,NA,NA,NA,5506.775
2025,6,2025-06-16T00:00:00Z,325,1,LONSME,0,46,1,NA,NA,NA,5506.775
2025,6,2025-06-16T00:00:00Z,325,1,LONSME,0,47,1,NA,NA,NA,5506.775
2025,6,2025-06-16T00:00:00Z,325,1,LONSME,0,48,1,NA,NA,NA,5506.775
2025,6,2025-06-16T00:00:00Z,325,1,LONSME,0,90,1,NA,NA,NA,5506.775
2025,6,2025-06-16T00:00:00Z,325,1,LONSME,0,91,1,NA,NA,NA,5506.775
2025,6,2025-06-16T00:00:00Z,325,1,LONSME,0,93,1,NA,NA,NA,5506.775
2025,6,2025-06-16T00:00:00Z,325,1,LONSME,8,30,3,NA,NA,NA,5506.775
2025,6,2025-06-16T00:00:00Z,325,1,LONSME,8,31,1,NA,NA,NA,5506.775
2025,6,2025-06-16T00:00:00Z,325,1,LONSME,8,32,4,NA,NA,NA,5506.775
2025,6,2025-06-16T00:00:00Z,325,1,LONSME,8,33,4,NA,NA,NA,5506.775
2025,6,2025-06-16T00:00:00Z,325,1,LONSME,8,34,2,NA,NA,NA,5506.775
2025,6,2025-06-16T00:00:00Z,325,1,LONSME,8,35,4,NA,NA,NA,5506.775
2025,6,2025-06-16T00:00:00Z,325,1,LONSME,8,36,3,NA,NA,NA,5506.775
2025,6,2025-06-16T00:00:00Z,325,1,LONSME,8,37,5,NA,NA,NA,5506.775
2025,6,2025-06-16T00:00:00Z,325,1,LONSME,8,38,4,NA,NA,NA,5506.775
2025,6,2025-06-16T00:00:00Z,325,1,LONSME,8,39,2,NA,NA,NA,5506.775
2025,6,2025-06-16T00:00:00Z,325,2,LONSME,0,46,1,NA,NA,380.2799915,NA
2025,6,2025-06-16T00:00:00Z,325,2,LONSME,8,32,1,NA,NA,380.2799915,NA
2025,6,2025-06-16T00:00:00Z,345,1,LONSME,8,38,1,NA,NA,NA,7076.2375
2025,6,2025-06-16T00:00:00Z,345,2,LONSME,8,32,1,NA,NA,633.8000094,NA
2025,6,2025-06-16T00:00:00Z,345,2,LONSME,8,37,1,NA,NA,633.8000094,NA
2025,6,2025-06-16T00:00:00Z,345,2,LONSME,8,NA,NA,1,Damaged,633.8000094,NA
2025,6,2025-06-16T00:00:00Z,346,1,LONSME,0,40,5,NA,NA,NA,4116.7125
2025,6,2025-06-16T00:00:00Z,346,1,LONSME,0,41,4,NA,NA,NA,4116.7125
2025,6,2025-06-16T00:00:00Z,346,1,LONSME,0,42,2,NA,NA,NA,4116.7125
2025,6,2025-06-16T00:00:00Z,346,1,LONSME,0,43,4,NA,NA,NA,4116.7125
2025,6,2025-06-16T00:00:00Z,346,1,LONSME,0,44,2,NA,NA,NA,4116.7125
2025,6,2025-06-16T00:00:00Z,346,1,LONSME,0,45,3,NA,NA,NA,4116.7125
2025,6,2025-06-16T00:00:00Z,346,1,LONSME,0,46,2,NA,NA,NA,4116.7125
2025,6,2025-06-16T00:00:00Z,346,1,LONSME,0,47,4,NA,NA,NA,4116.7125
2025,6,2025-06-16T00:00:00Z,346,1,LONSME,8,30,1,NA,NA,NA,4116.7125
2025,6,2025-06-16T00:00:00Z,346,1,LONSME,8,31,3,NA,NA,NA,4116.7125
2025,6,2025-06-16T00:00:00Z,346,1,LONSME,8,32,1,NA,NA,NA,4116.7125
2025,6,2025-06-16T00:00:00Z,346,1,LONSME,8,33,4,NA,NA,NA,4116.7125
2025,6,2025-06-16T00:00:00Z,346,1,LONSME,8,34,2,NA,NA,NA,4116.7125
2025,6,2025-06-16T00:00:00Z,346,1,LONSME,8,35,4,NA,NA,NA,4116.7125
2025,6,2025-06-16T00:00:00Z,346,1,LONSME,8,36,3,NA,NA,NA,4116.7125
2025,6,2025-06-16T00:00:00Z,346,1,LONSME,8,37,7,NA,NA,NA,4116.7125
2025,6,2025-06-16T00:00:00Z,346,1,LONSME,8,38,7,NA,NA,NA,4116.7125
2025,6,2025-06-16T00:00:00Z,346,2,LONSME,0,40,1,NA,NA,570.4200227,NA
2025,6,2025-06-16T00:00:00Z,346,2,LONSME,0,45,1,NA,NA,570.4200227,NA
2025,6,2025-06-16T00:00:00Z,346,2,LONSME,8,33,2,NA,NA,570.4200227,NA
2025,6,2025-06-16T00:00:00Z,346,2,LONSME,8,34,1,NA,NA,570.4200227,NA
2025,6,2025-06-16T00:00:00Z,346,2,LONSME,8,NA,NA,1,Damaged,570.4200227,NA
2025,6,2025-06-03T00:00:00Z,427,1,LONSME,0,40,1,NA,NA,NA,4905.9
2025,6,2025-06-03T00:00:00Z,427,1,LONSME,0,41,3,NA,NA,NA,4905.9
2025,6,2025-06-03T00:00:00Z,427,1,LONSME,0,44,1,NA,NA,NA,4905.9
2025,6,2025-06-03T00:00:00Z,427,1,LONSME,0,77,1,NA,NA,NA,4905.9
2025,6,2025-06-03T00:00:00Z,427,1,LONSME,8,28,1,NA,NA,NA,4905.9
2025,6,2025-06-03T00:00:00Z,427,1,LONSME,8,29,2,NA,NA,NA,4905.9
2025,6,2025-06-03T00:00:00Z,427,1,LONSME,8,30,1,NA,NA,NA,4905.9
2025,6,2025-06-03T00:00:00Z,427,1,LONSME,8,32,7,NA,NA,NA,4905.9
2025,6,2025-06-03T00:00:00Z,427,1,LONSME,8,33,1,NA,NA,NA,4905.9
2025,6,2025-06-03T00:00:00Z,427,1,LONSME,8,34,5,NA,NA,NA,4905.9
2025,6,2025-06-03T00:00:00Z,427,1,LONSME,8,35,2,NA,NA,NA,4905.9
2025,6,2025-06-03T00:00:00Z,427,1,LONSME,8,36,3,NA,NA,NA,4905.9
2025,6,2025-06-03T00:00:00Z,427,1,LONSME,8,37,4,NA,NA,NA,4905.9
2025,6,2025-06-03T00:00:00Z,427,1,LONSME,8,38,1,NA,NA,NA,4905.9
2025,6,2025-06-03T00:00:00Z,427,1,LONSME,0,82,1,NA,"This was a tow 1, SizeGroup 8",NA,4905.9
2025,6,2025-06-03T00:00:00Z,427,2,LONSME,0,91,1,NA,NA,697.1799962,NA
2025,6,2025-06-03T00:00:00Z,427,2,LONSME,8,30,2,NA,1 from shrimp at 30 mm,697.1799962,NA
2025,6,2025-06-03T00:00:00Z,427,2,LONSME,8,33,1,NA,NA,697.1799962,NA
2025,6,2025-06-03T00:00:00Z,427,2,LONSME,8,34,1,NA,NA,697.1799962,NA
2025,6,2025-06-03T00:00:00Z,427,2,LONSME,8,37,1,NA,NA,697.1799962,NA
2025,6,2025-06-03T00:00:00Z,427,2,LONSME,8,39,1,NA,NA,697.1799962,NA
2025,6,2025-06-03T00:00:00Z,428,1,LONSME,8,37,1,NA,NA,NA,7106.7125
2025,6,2025-06-03T00:00:00Z,429,1,LONSME,0,97,1,NA,NA,NA,6660.8
2025,6,2025-06-03T00:00:00Z,429,1,LONSME,8,30,1,NA,NA,NA,6660.8
2025,6,2025-06-03T00:00:00Z,429,1,LONSME,8,31,1,NA,NA,NA,6660.8
2025,6,2025-06-03T00:00:00Z,429,1,LONSME,8,32,1,NA,NA,NA,6660.8
2025,6,2025-06-03T00:00:00Z,429,1,LONSME,8,33,2,NA,NA,NA,6660.8
2025,6,2025-06-03T00:00:00Z,429,1,LONSME,8,34,3,NA,NA,NA,6660.8
2025,6,2025-06-03T00:00:00Z,429,1,LONSME,8,35,4,NA,NA,NA,6660.8
2025,6,2025-06-03T00:00:00Z,429,1,LONSME,8,36,2,NA,NA,NA,6660.8
2025,6,2025-06-03T00:00:00Z,429,1,LONSME,8,37,3,NA,NA,NA,6660.8
2025,6,2025-06-03T00:00:00Z,429,1,LONSME,8,39,1,NA,NA,NA,6660.8
2025,6,2025-06-03T00:00:00Z,429,2,LONSME,8,28,1,NA,from shrimp,1014.079977,NA
2025,6,2025-06-03T00:00:00Z,429,2,LONSME,8,31,1,NA,NA,1014.079977,NA
2025,6,2025-06-03T00:00:00Z,429,2,LONSME,8,37,1,NA,NA,1014.079977,NA
2025,6,2025-06-03T00:00:00Z,429,2,LONSME,8,NA,NA,1,in pieces,1014.079977,NA
2025,6,2025-06-03T00:00:00Z,430,2,LONSME,0,40,1,NA,NA,1204.219985,NA
2025,6,2025-06-03T00:00:00Z,430,2,LONSME,0,41,2,NA,NA,1204.219985,NA
2025,6,2025-06-03T00:00:00Z,430,2,LONSME,8,25,2,NA,NA,1204.219985,NA
2025,6,2025-06-03T00:00:00Z,430,2,LONSME,8,27,1,NA,NA,1204.219985,NA
2025,6,2025-06-03T00:00:00Z,430,2,LONSME,8,28,6,NA,NA,1204.219985,NA
2025,6,2025-06-03T00:00:00Z,430,2,LONSME,8,29,4,NA,NA,1204.219985,NA
2025,6,2025-06-03T00:00:00Z,430,2,LONSME,8,30,6,NA,NA,1204.219985,NA
2025,6,2025-06-03T00:00:00Z,430,2,LONSME,8,31,7,NA,NA,1204.219985,NA
2025,6,2025-06-03T00:00:00Z,430,2,LONSME,8,32,6,NA,NA,1204.219985,NA
2025,6,2025-06-03T00:00:00Z,430,2,LONSME,8,33,5,NA,NA,1204.219985,NA
2025,6,2025-06-03T00:00:00Z,430,2,LONSME,8,34,5,NA,NA,1204.219985,NA
2025,6,2025-06-03T00:00:00Z,430,2,LONSME,8,35,1,NA,NA,1204.219985,NA
2025,6,2025-06-03T00:00:00Z,430,2,LONSME,8,36,2,NA,NA,1204.219985,NA
2025,6,2025-06-03T00:00:00Z,430,2,LONSME,8,37,2,NA,NA,1204.219985,NA
2025,6,2025-06-03T00:00:00Z,430,2,LONSME,8,38,3,NA,NA,1204.219985,NA
2025,6,2025-06-03T00:00:00Z,430,2,LONSME,8,NA,NA,6,50+ fish (4+2 from shrimp),1204.219985,NA
2025,6,2025-06-03T00:00:00Z,431,1,LONSME,8,29,1,NA,NA,NA,8089.3875
2025,6,2025-06-03T00:00:00Z,431,2,LONSME,8,27,1,NA,from shrimp,1204.219985,NA
2025,6,2025-06-03T00:00:00Z,431,2,LONSME,8,33,1,NA,NA,1204.219985,NA
2025,6,2025-06-03T00:00:00Z,432,1,LONSME,0,40,1,NA,NA,NA,5853.2125
2025,6,2025-06-03T00:00:00Z,432,1,LONSME,8,28,1,NA,NA,NA,5853.2125
2025,6,2025-06-03T00:00:00Z,432,1,LONSME,8,29,1,NA,NA,NA,5853.2125
2025,6,2025-06-03T00:00:00Z,432,1,LONSME,8,30,1,NA,NA,NA,5853.2125
2025,6,2025-06-03T00:00:00Z,432,1,LONSME,8,31,1,NA,NA,NA,5853.2125
2025,6,2025-06-03T00:00:00Z,432,1,LONSME,8,32,1,NA,NA,NA,5853.2125
2025,6,2025-06-03T00:00:00Z,432,1,LONSME,8,33,1,NA,NA,NA,5853.2125
2025,6,2025-06-03T00:00:00Z,432,1,LONSME,8,34,4,NA,NA,NA,5853.2125
2025,6,2025-06-03T00:00:00Z,432,1,LONSME,8,35,1,NA,NA,NA,5853.2125
2025,6,2025-06-03T00:00:00Z,432,1,LONSME,8,36,2,NA,NA,NA,5853.2125
2025,6,2025-06-03T00:00:00Z,432,1,LONSME,8,39,1,NA,NA,NA,5853.2125
2025,6,2025-06-03T00:00:00Z,432,2,LONSME,8,32,1,NA,NA,507.0399887,NA
2025,6,2025-06-03T00:00:00Z,432,2,LONSME,8,NA,NA,1,Damaged,507.0399887,NA
2025,6,2025-06-03T00:00:00Z,433,1,LONSME,8,26,2,NA,NA,NA,7349.9375
2025,6,2025-06-03T00:00:00Z,433,1,LONSME,8,28,2,NA,NA,NA,7349.9375
2025,6,2025-06-03T00:00:00Z,433,1,LONSME,8,30,1,NA,NA,NA,7349.9375
2025,6,2025-06-03T00:00:00Z,433,1,LONSME,8,31,1,NA,NA,NA,7349.9375
2025,6,2025-06-03T00:00:00Z,433,1,LONSME,8,32,2,NA,NA,NA,7349.9375
2025,6,2025-06-03T00:00:00Z,433,1,LONSME,8,33,3,NA,NA,NA,7349.9375
2025,6,2025-06-03T00:00:00Z,433,1,LONSME,8,34,2,NA,NA,NA,7349.9375
2025,6,2025-06-03T00:00:00Z,433,1,LONSME,8,37,1,NA,NA,NA,7349.9375
2025,6,2025-06-03T00:00:00Z,534,1,LONSME,8,28,2,NA,NA,NA,7697.525
2025,6,2025-06-03T00:00:00Z,534,1,LONSME,8,29,1,NA,NA,NA,7697.525
2025,6,2025-06-03T00:00:00Z,534,2,LONSME,8,27,1,NA,NA,950.7000378,NA
2025,6,2025-06-03T00:00:00Z,534,2,LONSME,8,29,1,NA,NA,950.7000378,NA
2025,6,2025-06-03T00:00:00Z,534,2,LONSME,8,30,1,NA,NA,950.7000378,NA
2025,6,2025-06-03T00:00:00Z,534,2,LONSME,8,31,2,NA,NA,950.7000378,NA
2025,6,2025-06-03T00:00:00Z,534,2,LONSME,8,32,1,NA,NA,950.7000378,NA
2025,6,2025-06-03T00:00:00Z,534,2,LONSME,8,33,2,NA,NA,950.7000378,NA
2025,6,2025-06-03T00:00:00Z,535,1,LONSME,8,26,1,NA,NA,NA,7596.6125
2025,6,2025-06-03T00:00:00Z,535,1,LONSME,8,28,2,NA,NA,NA,7596.6125
2025,6,2025-06-03T00:00:00Z,535,1,LONSME,8,29,3,NA,NA,NA,7596.6125
2025,6,2025-06-03T00:00:00Z,535,1,LONSME,8,30,1,NA,NA,NA,7596.6125
2025,6,2025-06-03T00:00:00Z,535,1,LONSME,8,31,2,NA,NA,NA,7596.6125
2025,6,2025-06-03T00:00:00Z,535,1,LONSME,8,32,1,NA,NA,NA,7596.6125
2025,6,2025-06-03T00:00:00Z,535,1,LONSME,8,33,2,NA,NA,NA,7596.6125
2025,6,2025-06-03T00:00:00Z,535,1,LONSME,8,36,1,NA,NA,NA,7596.6125
2025,6,2025-06-03T00:00:00Z,535,1,LONSME,8,37,1,NA,NA,NA,7596.6125
2025,6,2025-06-03T00:00:00Z,535,1,LONSME,8,38,1,NA,NA,NA,7596.6125
2025,7,2025-07-15T00:00:00Z,109,2,LONSME,0,41,1,NA,NA,633.8000094,NA
2025,7,2025-07-15T00:00:00Z,109,2,LONSME,0,42,1,NA,NA,633.8000094,NA
2025,7,2025-07-15T00:00:00Z,109,2,LONSME,0,43,2,NA,NA,633.8000094,NA
2025,7,2025-07-15T00:00:00Z,109,2,LONSME,0,45,1,NA,NA,633.8000094,NA
2025,7,2025-07-15T00:00:00Z,109,2,LONSME,0,46,1,NA,NA,633.8000094,NA
2025,7,2025-07-15T00:00:00Z,109,2,LONSME,0,47,1,NA,NA,633.8000094,NA
2025,7,2025-07-15T00:00:00Z,109,2,LONSME,0,48,2,NA,NA,633.8000094,NA
2025,7,2025-07-15T00:00:00Z,109,2,LONSME,0,49,1,NA,NA,633.8000094,NA
2025,7,2025-07-15T00:00:00Z,109,2,LONSME,0,50,1,NA,NA,633.8000094,NA
2025,7,2025-07-15T00:00:00Z,109,2,LONSME,0,51,1,NA,NA,633.8000094,NA
2025,7,2025-07-15T00:00:00Z,109,2,LONSME,8,39,1,NA,NA,633.8000094,NA
2025,7,2025-07-15T00:00:00Z,110,1,LONSME,0,55,1,NA,NA,NA,7034.55
2025,7,2025-07-14T00:00:00Z,211,2,LONSME,0,40,1,NA,NA,1267.600019,NA
2025,7,2025-07-14T00:00:00Z,211,2,LONSME,0,42,2,NA,NA,1267.600019,NA
2025,7,2025-07-14T00:00:00Z,211,2,LONSME,0,44,1,NA,NA,1267.600019,NA
2025,7,2025-07-14T00:00:00Z,211,2,LONSME,0,46,1,NA,NA,1267.600019,NA
2025,7,2025-07-14T00:00:00Z,211,2,LONSME,0,48,1,NA,NA,1267.600019,NA
2025,7,2025-07-14T00:00:00Z,211,2,LONSME,0,49,2,NA,NA,1267.600019,NA
2025,7,2025-07-14T00:00:00Z,211,2,LONSME,0,52,1,NA,NA,1267.600019,NA
2025,7,2025-07-14T00:00:00Z,211,2,LONSME,0,53,1,NA,NA,1267.600019,NA
2025,7,2025-07-14T00:00:00Z,211,2,LONSME,0,54,2,NA,NA,1267.600019,NA
2025,7,2025-07-14T00:00:00Z,211,2,LONSME,0,55,1,NA,NA,1267.600019,NA
2025,7,2025-07-14T00:00:00Z,213,2,LONSME,0,43,1,NA,NA,887.3200038,NA
2025,7,2025-07-14T00:00:00Z,213,2,LONSME,0,45,2,NA,NA,887.3200038,NA
2025,7,2025-07-14T00:00:00Z,213,2,LONSME,0,50,1,NA,NA,887.3200038,NA
2025,7,2025-07-14T00:00:00Z,213,2,LONSME,0,51,1,NA,NA,887.3200038,NA
2025,7,2025-07-14T00:00:00Z,213,2,LONSME,0,52,2,NA,NA,887.3200038,NA
2025,7,2025-07-14T00:00:00Z,213,2,LONSME,0,55,1,NA,NA,887.3200038,NA
2025,7,2025-07-14T00:00:00Z,213,2,LONSME,0,NA,NA,2,damaged,887.3200038,NA
2025,7,2025-07-14T00:00:00Z,214,1,LONSME,0,44,1,NA,NA,NA,5808.075
2025,7,2025-07-14T00:00:00Z,214,1,LONSME,0,52,1,NA,NA,NA,5808.075
2025,7,2025-07-14T00:00:00Z,214,2,LONSME,0,46,1,NA,NA,697.1799962,NA
2025,7,2025-07-14T00:00:00Z,214,2,LONSME,0,52,1,NA,NA,697.1799962,NA
2025,7,2025-07-14T00:00:00Z,215,2,LONSME,0,40,1,NA,NA,316.9000047,NA
2025,7,2025-07-14T00:00:00Z,215,2,LONSME,0,55,1,NA,NA,316.9000047,NA
2025,7,2025-07-14T00:00:00Z,216,2,LONSME,0,40,1,NA,NA,1394.359992,NA
2025,7,2025-07-14T00:00:00Z,216,2,LONSME,0,NA,NA,1,damaged,1394.359992,NA
2025,7,2025-07-14T00:00:00Z,216,2,LONSME,8,35,1,NA,NA,1394.359992,NA
2025,7,2025-07-14T00:00:00Z,243,2,LONSME,0,40,9,NA,NA,1394.359992,NA
2025,7,2025-07-14T00:00:00Z,243,2,LONSME,0,41,5,NA,NA,1394.359992,NA
2025,7,2025-07-14T00:00:00Z,243,2,LONSME,0,42,8,NA,NA,1394.359992,NA
2025,7,2025-07-14T00:00:00Z,243,2,LONSME,0,43,5,NA,NA,1394.359992,NA
2025,7,2025-07-14T00:00:00Z,243,2,LONSME,0,44,6,NA,NA,1394.359992,NA
2025,7,2025-07-14T00:00:00Z,243,2,LONSME,0,45,1,NA,NA,1394.359992,NA
2025,7,2025-07-14T00:00:00Z,243,2,LONSME,0,46,2,NA,NA,1394.359992,NA
2025,7,2025-07-14T00:00:00Z,243,2,LONSME,0,47,4,NA,NA,1394.359992,NA
2025,7,2025-07-14T00:00:00Z,243,2,LONSME,0,48,4,NA,NA,1394.359992,NA
2025,7,2025-07-14T00:00:00Z,243,2,LONSME,0,49,2,NA,NA,1394.359992,NA
2025,7,2025-07-14T00:00:00Z,243,2,LONSME,0,50,1,NA,NA,1394.359992,NA
2025,7,2025-07-14T00:00:00Z,243,2,LONSME,0,52,1,NA,NA,1394.359992,NA
2025,7,2025-07-14T00:00:00Z,243,2,LONSME,0,53,1,NA,NA,1394.359992,NA
2025,7,2025-07-14T00:00:00Z,243,2,LONSME,0,54,1,NA,NA,1394.359992,NA
2025,7,2025-07-14T00:00:00Z,243,2,LONSME,0,NA,NA,56,50+ fish,1394.359992,NA
2025,7,2025-07-14T00:00:00Z,243,2,LONSME,8,31,1,NA,NA,1394.359992,NA
2025,7,2025-07-14T00:00:00Z,243,2,LONSME,8,32,2,NA,NA,1394.359992,NA
2025,7,2025-07-14T00:00:00Z,243,2,LONSME,8,33,2,NA,NA,1394.359992,NA
2025,7,2025-07-14T00:00:00Z,243,2,LONSME,8,34,2,NA,NA,1394.359992,NA
2025,7,2025-07-14T00:00:00Z,243,2,LONSME,8,35,5,NA,NA,1394.359992,NA
2025,7,2025-07-14T00:00:00Z,243,2,LONSME,8,36,7,NA,NA,1394.359992,NA
2025,7,2025-07-14T00:00:00Z,243,2,LONSME,8,37,7,NA,NA,1394.359992,NA
2025,7,2025-07-14T00:00:00Z,243,2,LONSME,8,38,13,NA,NA,1394.359992,NA
2025,7,2025-07-14T00:00:00Z,243,2,LONSME,8,39,11,NA,NA,1394.359992,NA
2025,7,2025-07-14T00:00:00Z,243,2,LONSME,8,NA,NA,17,50+ fish,1394.359992,NA
2025,7,2025-07-03T00:00:00Z,318,2,LONSME,0,41,1,NA,NA,1204.219985,NA
2025,7,2025-07-03T00:00:00Z,318,2,LONSME,0,42,1,NA,NA,1204.219985,NA
2025,7,2025-07-03T00:00:00Z,318,2,LONSME,8,30,1,NA,NA,1204.219985,NA
2025,7,2025-07-03T00:00:00Z,318,2,LONSME,8,32,1,NA,NA,1204.219985,NA
2025,7,2025-07-03T00:00:00Z,318,2,LONSME,8,34,2,NA,NA,1204.219985,NA
2025,7,2025-07-03T00:00:00Z,318,2,LONSME,8,37,1,NA,NA,1204.219985,NA
2025,7,2025-07-03T00:00:00Z,318,2,LONSME,8,38,1,NA,NA,1204.219985,NA
2025,7,2025-07-03T00:00:00Z,318,2,LONSME,8,39,1,NA,NA,1204.219985,NA
2025,7,2025-07-03T00:00:00Z,319,1,LONSME,8,38,1,NA,NA,NA,7698.675
2025,7,2025-07-03T00:00:00Z,320,1,LONSME,0,40,1,NA,NA,NA,8385.225
2025,7,2025-07-03T00:00:00Z,320,1,LONSME,0,47,1,NA,NA,NA,8385.225
2025,7,2025-07-03T00:00:00Z,320,1,LONSME,8,38,1,NA,NA,NA,8385.225
2025,7,2025-07-03T00:00:00Z,320,2,LONSME,8,36,1,NA,NA,1394.359992,NA
2025,7,2025-07-10T00:00:00Z,321,1,LONSME,0,48,1,NA,NA,NA,7029.375
2025,7,2025-07-10T00:00:00Z,321,1,LONSME,0,52,1,NA,NA,NA,7029.375
2025,7,2025-07-10T00:00:00Z,321,1,LONSME,8,33,1,NA,NA,NA,7029.375
2025,7,2025-07-10T00:00:00Z,322,1,LONSME,0,41,1,NA,NA,NA,7236.0875
2025,7,2025-07-10T00:00:00Z,322,1,LONSME,0,61,1,NA,NA,NA,7236.0875
2025,7,2025-07-10T00:00:00Z,322,1,LONSME,8,37,1,NA,NA,NA,7236.0875
2025,7,2025-07-10T00:00:00Z,322,2,LONSME,8,32,1,NA,NA,1330.979958,NA
2025,7,2025-07-10T00:00:00Z,322,2,LONSME,8,37,1,NA,NA,1330.979958,NA
2025,7,2025-07-10T00:00:00Z,323,2,LONSME,8,33,1,NA,NA,1140.840045,NA
2025,7,2025-07-03T00:00:00Z,325,1,LONSME,0,40,1,NA,NA,NA,6385.95
2025,7,2025-07-03T00:00:00Z,325,1,LONSME,0,43,1,NA,NA,NA,6385.95
2025,7,2025-07-03T00:00:00Z,325,1,LONSME,0,44,1,NA,NA,NA,6385.95
2025,7,2025-07-03T00:00:00Z,325,1,LONSME,0,45,2,NA,NA,NA,6385.95
2025,7,2025-07-03T00:00:00Z,325,1,LONSME,0,48,1,NA,NA,NA,6385.95
2025,7,2025-07-03T00:00:00Z,325,1,LONSME,0,49,1,NA,NA,NA,6385.95
2025,7,2025-07-03T00:00:00Z,325,1,LONSME,0,50,1,NA,NA,NA,6385.95
2025,7,2025-07-03T00:00:00Z,325,1,LONSME,0,56,1,NA,NA,NA,6385.95
2025,7,2025-07-03T00:00:00Z,325,1,LONSME,8,31,1,NA,NA,NA,6385.95
2025,7,2025-07-03T00:00:00Z,325,1,LONSME,8,36,1,NA,NA,NA,6385.95
2025,7,2025-07-03T00:00:00Z,325,1,LONSME,8,NA,NA,1,damaged,NA,6385.95
2025,7,2025-07-03T00:00:00Z,325,2,LONSME,0,40,2,NA,NA,1204.219985,NA
2025,7,2025-07-03T00:00:00Z,325,2,LONSME,0,41,5,NA,NA,1204.219985,NA
2025,7,2025-07-03T00:00:00Z,325,2,LONSME,0,42,5,NA,NA,1204.219985,NA
2025,7,2025-07-03T00:00:00Z,325,2,LONSME,0,43,4,NA,NA,1204.219985,NA
2025,7,2025-07-03T00:00:00Z,325,2,LONSME,0,45,4,NA,NA,1204.219985,NA
2025,7,2025-07-03T00:00:00Z,325,2,LONSME,0,46,1,NA,NA,1204.219985,NA
2025,7,2025-07-03T00:00:00Z,325,2,LONSME,0,47,1,NA,NA,1204.219985,NA
2025,7,2025-07-03T00:00:00Z,325,2,LONSME,0,52,1,NA,NA,1204.219985,NA
2025,7,2025-07-03T00:00:00Z,325,2,LONSME,0,53,1,NA,NA,1204.219985,NA
2025,7,2025-07-03T00:00:00Z,325,2,LONSME,0,56,1,NA,NA,1204.219985,NA
2025,7,2025-07-03T00:00:00Z,325,2,LONSME,0,NA,NA,2,damaged,1204.219985,NA
2025,7,2025-07-03T00:00:00Z,325,2,LONSME,8,33,4,NA,NA,1204.219985,NA
2025,7,2025-07-03T00:00:00Z,325,2,LONSME,8,34,1,NA,NA,1204.219985,NA
2025,7,2025-07-03T00:00:00Z,325,2,LONSME,8,35,2,NA,NA,1204.219985,NA
2025,7,2025-07-03T00:00:00Z,325,2,LONSME,8,36,2,NA,NA,1204.219985,NA
2025,7,2025-07-03T00:00:00Z,325,2,LONSME,8,37,5,NA,NA,1204.219985,NA
2025,7,2025-07-03T00:00:00Z,325,2,LONSME,8,38,2,NA,NA,1204.219985,NA
2025,7,2025-07-03T00:00:00Z,325,2,LONSME,8,39,1,NA,NA,1204.219985,NA
2025,7,2025-07-10T00:00:00Z,345,1,LONSME,0,46,1,NA,NA,NA,6698.4625
2025,7,2025-07-10T00:00:00Z,345,1,LONSME,0,47,1,NA,NA,NA,6698.4625
2025,7,2025-07-10T00:00:00Z,345,2,LONSME,0,42,1,NA,NA,1014.079977,NA
2025,7,2025-07-10T00:00:00Z,345,2,LONSME,0,47,1,NA,NA,1014.079977,NA
2025,7,2025-07-10T00:00:00Z,345,2,LONSME,0,84,1,NA,NA,1014.079977,NA
2025,7,2025-07-10T00:00:00Z,345,2,LONSME,8,35,1,NA,NA,1014.079977,NA
2025,7,2025-07-02T00:00:00Z,427,1,LONSME,0,41,1,NA,NA,NA,4726.2125
2025,7,2025-07-02T00:00:00Z,427,1,LONSME,0,42,1,NA,NA,NA,4726.2125
2025,7,2025-07-02T00:00:00Z,427,1,LONSME,0,43,1,NA,NA,NA,4726.2125
2025,7,2025-07-02T00:00:00Z,427,1,LONSME,0,44,2,NA,NA,NA,4726.2125
2025,7,2025-07-02T00:00:00Z,427,1,LONSME,0,46,1,NA,NA,NA,4726.2125
2025,7,2025-07-02T00:00:00Z,427,1,LONSME,0,47,2,NA,NA,NA,4726.2125
2025,7,2025-07-02T00:00:00Z,427,1,LONSME,0,48,2,NA,NA,NA,4726.2125
2025,7,2025-07-02T00:00:00Z,427,1,LONSME,0,50,1,NA,NA,NA,4726.2125
2025,7,2025-07-02T00:00:00Z,427,1,LONSME,0,51,1,NA,NA,NA,4726.2125
2025,7,2025-07-02T00:00:00Z,427,1,LONSME,0,52,1,NA,NA,NA,4726.2125
2025,7,2025-07-02T00:00:00Z,427,1,LONSME,0,53,2,NA,NA,NA,4726.2125
2025,7,2025-07-02T00:00:00Z,427,1,LONSME,8,33,1,NA,NA,NA,4726.2125
2025,7,2025-07-02T00:00:00Z,427,1,LONSME,8,35,1,NA,NA,NA,4726.2125
2025,7,2025-07-02T00:00:00Z,427,1,LONSME,8,37,1,NA,NA,NA,4726.2125
2025,7,2025-07-02T00:00:00Z,427,2,LONSME,8,38,1,NA,NA,697.1799962,NA
2025,7,2025-07-02T00:00:00Z,428,1,LONSME,0,40,2,NA,NA,NA,6791.9
2025,7,2025-07-02T00:00:00Z,428,1,LONSME,0,41,5,NA,NA,NA,6791.9
2025,7,2025-07-02T00:00:00Z,428,1,LONSME,0,42,3,NA,NA,NA,6791.9
2025,7,2025-07-02T00:00:00Z,428,1,LONSME,0,43,4,NA,NA,NA,6791.9
2025,7,2025-07-02T00:00:00Z,428,1,LONSME,0,44,1,NA,NA,NA,6791.9
2025,7,2025-07-02T00:00:00Z,428,1,LONSME,0,46,2,NA,NA,NA,6791.9
2025,7,2025-07-02T00:00:00Z,428,1,LONSME,0,47,2,NA,NA,NA,6791.9
2025,7,2025-07-02T00:00:00Z,428,1,LONSME,0,50,1,NA,NA,NA,6791.9
2025,7,2025-07-02T00:00:00Z,428,1,LONSME,0,54,1,NA,NA,NA,6791.9
2025,7,2025-07-02T00:00:00Z,428,1,LONSME,0,NA,NA,1,damaged,NA,6791.9
2025,7,2025-07-02T00:00:00Z,428,1,LONSME,8,33,3,NA,NA,NA,6791.9
2025,7,2025-07-02T00:00:00Z,428,1,LONSME,8,34,1,NA,NA,NA,6791.9
2025,7,2025-07-02T00:00:00Z,428,1,LONSME,8,35,2,NA,NA,NA,6791.9
2025,7,2025-07-02T00:00:00Z,428,1,LONSME,8,37,2,NA,NA,NA,6791.9
2025,7,2025-07-02T00:00:00Z,428,1,LONSME,8,38,1,NA,NA,NA,6791.9
2025,7,2025-07-02T00:00:00Z,428,1,LONSME,8,39,4,NA,NA,NA,6791.9
2025,7,2025-07-02T00:00:00Z,428,2,LONSME,0,43,1,NA,NA,950.7000378,NA
2025,7,2025-07-02T00:00:00Z,429,1,LONSME,0,40,1,NA,NA,NA,5685.025
2025,7,2025-07-02T00:00:00Z,429,1,LONSME,8,35,1,NA,NA,NA,5685.025
2025,7,2025-07-02T00:00:00Z,429,1,LONSME,8,38,1,NA,NA,NA,5685.025
2025,7,2025-07-02T00:00:00Z,429,2,LONSME,8,32,1,NA,NA,1014.079977,NA
2025,7,2025-07-02T00:00:00Z,429,2,LONSME,8,34,1,NA,NA,1014.079977,NA
2025,7,2025-07-02T00:00:00Z,430,1,LONSME,8,30,1,NA,NA,NA,6782.4125
2025,7,2025-07-02T00:00:00Z,430,1,LONSME,8,36,1,NA,NA,NA,6782.4125
2025,7,2025-07-02T00:00:00Z,431,1,LONSME,8,33,1,NA,NA,NA,8518.9125
2025,7,2025-07-02T00:00:00Z,431,1,LONSME,8,35,1,NA,NA,NA,8518.9125
2025,7,2025-07-02T00:00:00Z,432,1,LONSME,8,36,1,NA,NA,NA,5666.625
2025,7,2025-07-02T00:00:00Z,432,1,LONSME,8,37,2,NA,NA,NA,5666.625
2025,7,2025-07-02T00:00:00Z,433,1,LONSME,8,27,1,NA,NA,NA,7126.2625
2025,7,2025-07-02T00:00:00Z,433,1,LONSME,8,32,1,NA,NA,NA,7126.2625
2025,7,2025-07-02T00:00:00Z,433,1,LONSME,8,35,1,NA,NA,NA,7126.2625
2025,7,2025-07-02T00:00:00Z,433,1,LONSME,0,57,1,NA,"was net 2, changed to net 1 10/20/25",NA,7126.2625
2025,7,2025-07-02T00:00:00Z,433,2,LONSME,8,33,1,NA,NA,760.559983,NA
2025,7,2025-07-02T00:00:00Z,535,2,LONSME,8,39,1,NA,NA,760.559983,NA
2025,8,2025-08-19T00:00:00Z,109,2,LONSME,0,48,1,NA,NA,861.9680468,NA
2025,8,2025-08-19T00:00:00Z,109,2,LONSME,0,52,1,NA,NA,861.9680468,NA
2025,8,2025-08-19T00:00:00Z,109,2,LONSME,0,60,1,NA,NA,861.9680468,NA
2025,8,2025-08-19T00:00:00Z,110,2,LONSME,0,43,1,NA,NA,836.6159955,NA
2025,8,2025-08-19T00:00:00Z,110,2,LONSME,0,44,1,NA,NA,836.6159955,NA
2025,8,2025-08-19T00:00:00Z,110,2,LONSME,0,45,1,NA,NA,836.6159955,NA
2025,8,2025-08-19T00:00:00Z,110,2,LONSME,0,46,1,NA,NA,836.6159955,NA
2025,8,2025-08-19T00:00:00Z,110,2,LONSME,0,47,6,NA,NA,836.6159955,NA
2025,8,2025-08-19T00:00:00Z,110,2,LONSME,0,48,3,NA,NA,836.6159955,NA
2025,8,2025-08-19T00:00:00Z,110,2,LONSME,0,49,4,NA,NA,836.6159955,NA
2025,8,2025-08-19T00:00:00Z,110,2,LONSME,0,50,4,NA,NA,836.6159955,NA
2025,8,2025-08-19T00:00:00Z,110,2,LONSME,0,51,4,NA,NA,836.6159955,NA
2025,8,2025-08-19T00:00:00Z,110,2,LONSME,0,52,5,NA,NA,836.6159955,NA
2025,8,2025-08-19T00:00:00Z,110,2,LONSME,0,53,1,NA,NA,836.6159955,NA
2025,8,2025-08-19T00:00:00Z,110,2,LONSME,0,54,1,NA,NA,836.6159955,NA
2025,8,2025-08-19T00:00:00Z,110,2,LONSME,0,55,1,NA,NA,836.6159955,NA
2025,8,2025-08-19T00:00:00Z,110,2,LONSME,0,56,1,NA,NA,836.6159955,NA
2025,8,2025-08-19T00:00:00Z,110,2,LONSME,0,60,1,NA,NA,836.6159955,NA
2025,8,2025-08-13T00:00:00Z,211,1,LONSME,0,42,1,NA,NA,NA,5362.1625
2025,8,2025-08-13T00:00:00Z,211,1,LONSME,0,45,2,NA,NA,NA,5362.1625
2025,8,2025-08-13T00:00:00Z,211,1,LONSME,0,47,3,NA,NA,NA,5362.1625
2025,8,2025-08-13T00:00:00Z,211,1,LONSME,0,48,1,NA,NA,NA,5362.1625
2025,8,2025-08-13T00:00:00Z,211,1,LONSME,0,49,1,NA,NA,NA,5362.1625
2025,8,2025-08-13T00:00:00Z,211,1,LONSME,0,50,1,NA,NA,NA,5362.1625
2025,8,2025-08-13T00:00:00Z,211,1,LONSME,0,51,2,NA,NA,NA,5362.1625
2025,8,2025-08-13T00:00:00Z,211,1,LONSME,0,52,2,NA,NA,NA,5362.1625
2025,8,2025-08-13T00:00:00Z,211,1,LONSME,0,53,2,NA,NA,NA,5362.1625
2025,8,2025-08-13T00:00:00Z,211,1,LONSME,0,54,1,NA,NA,NA,5362.1625
2025,8,2025-08-13T00:00:00Z,211,1,LONSME,0,55,1,NA,NA,NA,5362.1625
2025,8,2025-08-13T00:00:00Z,211,1,LONSME,0,57,2,NA,NA,NA,5362.1625
2025,8,2025-08-13T00:00:00Z,211,1,LONSME,0,58,1,NA,NA,NA,5362.1625
2025,8,2025-08-13T00:00:00Z,211,1,LONSME,0,59,1,NA,NA,NA,5362.1625
2025,8,2025-08-13T00:00:00Z,211,2,LONSME,0,44,1,NA,NA,1014.079977,NA
2025,8,2025-08-13T00:00:00Z,211,2,LONSME,0,47,1,NA,NA,1014.079977,NA
2025,8,2025-08-13T00:00:00Z,211,2,LONSME,0,49,2,NA,NA,1014.079977,NA
2025,8,2025-08-13T00:00:00Z,211,2,LONSME,0,53,1,NA,NA,1014.079977,NA
2025,8,2025-08-13T00:00:00Z,211,2,LONSME,0,54,2,NA,NA,1014.079977,NA
2025,8,2025-08-13T00:00:00Z,211,2,LONSME,8,36,1,NA,NA,1014.079977,NA
2025,8,2025-08-13T00:00:00Z,211,2,LONSME,8,37,1,NA,NA,1014.079977,NA
2025,8,2025-08-13T00:00:00Z,213,1,LONSME,0,46,1,NA,NA,NA,5829.0625
2025,8,2025-08-13T00:00:00Z,213,1,LONSME,0,50,2,NA,NA,NA,5829.0625
2025,8,2025-08-13T00:00:00Z,213,1,LONSME,0,53,1,NA,NA,NA,5829.0625
2025,8,2025-08-13T00:00:00Z,213,2,LONSME,0,49,1,0,"1 damaged, over 40mm",1140.840045,NA
2025,8,2025-08-13T00:00:00Z,215,1,LONSME,0,42,1,NA,NA,NA,6084.3625
2025,8,2025-08-13T00:00:00Z,215,1,LONSME,0,45,1,NA,NA,NA,6084.3625
2025,8,2025-08-13T00:00:00Z,215,2,LONSME,0,48,1,NA,NA,1007.741964,NA
2025,8,2025-08-13T00:00:00Z,216,1,LONSME,0,40,1,NA,NA,NA,7457.75
2025,8,2025-08-13T00:00:00Z,216,1,LONSME,0,41,1,NA,NA,NA,7457.75
2025,8,2025-08-13T00:00:00Z,216,1,LONSME,0,43,2,NA,NA,NA,7457.75
2025,8,2025-08-13T00:00:00Z,216,1,LONSME,0,44,1,NA,NA,NA,7457.75
2025,8,2025-08-13T00:00:00Z,216,1,LONSME,0,45,2,NA,NA,NA,7457.75
2025,8,2025-08-13T00:00:00Z,216,1,LONSME,0,46,1,NA,NA,NA,7457.75
2025,8,2025-08-13T00:00:00Z,216,1,LONSME,0,47,1,NA,NA,NA,7457.75
2025,8,2025-08-13T00:00:00Z,216,1,LONSME,0,48,1,NA,NA,NA,7457.75
2025,8,2025-08-13T00:00:00Z,216,1,LONSME,0,50,2,NA,NA,NA,7457.75
2025,8,2025-08-13T00:00:00Z,216,1,LONSME,0,52,3,NA,NA,NA,7457.75
2025,8,2025-08-13T00:00:00Z,216,1,LONSME,0,53,1,NA,NA,NA,7457.75
2025,8,2025-08-13T00:00:00Z,216,2,LONSME,0,41,1,NA,NA,779.5740215,NA
2025,8,2025-08-13T00:00:00Z,216,2,LONSME,0,42,2,NA,NA,779.5740215,NA
2025,8,2025-08-13T00:00:00Z,216,2,LONSME,0,43,3,NA,NA,779.5740215,NA
2025,8,2025-08-13T00:00:00Z,216,2,LONSME,0,46,2,NA,NA,779.5740215,NA
2025,8,2025-08-13T00:00:00Z,216,2,LONSME,0,47,2,NA,NA,779.5740215,NA
2025,8,2025-08-13T00:00:00Z,216,2,LONSME,0,48,3,NA,NA,779.5740215,NA
2025,8,2025-08-13T00:00:00Z,216,2,LONSME,0,49,1,NA,NA,779.5740215,NA
2025,8,2025-08-13T00:00:00Z,216,2,LONSME,0,50,2,NA,NA,779.5740215,NA
2025,8,2025-08-13T00:00:00Z,216,2,LONSME,0,52,2,NA,NA,779.5740215,NA
2025,8,2025-08-13T00:00:00Z,216,2,LONSME,0,54,1,NA,NA,779.5740215,NA
2025,8,2025-08-13T00:00:00Z,216,2,LONSME,8,36,1,NA,NA,779.5740215,NA
2025,8,2025-08-13T00:00:00Z,216,2,LONSME,8,37,1,NA,NA,779.5740215,NA
2025,8,2025-08-12T00:00:00Z,319,2,LONSME,0,51,1,NA,NA,944.3620249,NA
2025,8,2025-08-12T00:00:00Z,320,1,LONSME,0,49,1,NA,NA,NA,5465.0875
2025,8,2025-08-12T00:00:00Z,320,1,LONSME,0,50,1,NA,NA,NA,5465.0875
2025,8,2025-08-12T00:00:00Z,323,1,LONSME,0,43,1,NA,NA,NA,6711.975
2025,8,2025-08-12T00:00:00Z,325,1,LONSME,0,41,1,NA,NA,NA,6078.6125
2025,8,2025-08-12T00:00:00Z,325,1,LONSME,0,43,1,NA,NA,NA,6078.6125
2025,8,2025-08-12T00:00:00Z,325,1,LONSME,0,46,1,NA,NA,NA,6078.6125
2025,8,2025-08-12T00:00:00Z,325,1,LONSME,0,47,1,NA,NA,NA,6078.6125
2025,8,2025-08-12T00:00:00Z,325,1,LONSME,8,38,1,NA,NA,NA,6078.6125
2025,8,2025-08-12T00:00:00Z,345,2,LONSME,8,31,1,NA,NA,684.5040178,NA
2025,8,2025-08-11T00:00:00Z,427,1,LONSME,0,53,2,NA,NA,NA,6078.0375
2025,8,2025-08-11T00:00:00Z,427,1,LONSME,0,84,1,NA,NA,NA,6078.0375
2025,8,2025-08-11T00:00:00Z,428,2,LONSME,0,50,1,NA,NA,1204.219985,NA
2025,8,2025-08-11T00:00:00Z,432,1,LONSME,0,52,1,NA,NA,NA,7739.5
2025,8,2025-08-11T00:00:00Z,433,2,LONSME,0,43,1,NA,NA,684.5040178,NA
2025,8,2025-08-11T00:00:00Z,534,1,LONSME,0,57,1,NA,NA,NA,4768.1875
2025,8,2025-08-11T00:00:00Z,535,1,LONSME,0,56,1,NA,NA,NA,3624.5125
2025,9,2025-09-15T00:00:00Z,109,2,LONSME,0,48,1,NA,NA,1014.079977,NA
2025,9,2025-09-15T00:00:00Z,110,1,LONSME,0,43,1,NA,NA,NA,6856.875
2025,9,2025-09-15T00:00:00Z,110,1,LONSME,0,44,1,NA,NA,NA,6856.875
2025,9,2025-09-15T00:00:00Z,110,1,LONSME,0,45,1,NA,NA,NA,6856.875
2025,9,2025-09-15T00:00:00Z,110,1,LONSME,0,47,3,NA,NA,NA,6856.875
2025,9,2025-09-15T00:00:00Z,110,1,LONSME,0,48,3,NA,NA,NA,6856.875
2025,9,2025-09-15T00:00:00Z,110,1,LONSME,0,49,2,NA,NA,NA,6856.875
2025,9,2025-09-15T00:00:00Z,110,1,LONSME,0,50,4,NA,NA,NA,6856.875
2025,9,2025-09-15T00:00:00Z,110,1,LONSME,0,51,10,NA,NA,NA,6856.875
2025,9,2025-09-15T00:00:00Z,110,1,LONSME,0,52,6,NA,NA,NA,6856.875
2025,9,2025-09-15T00:00:00Z,110,1,LONSME,0,53,9,NA,NA,NA,6856.875
2025,9,2025-09-15T00:00:00Z,110,1,LONSME,0,54,3,NA,NA,NA,6856.875
2025,9,2025-09-15T00:00:00Z,110,1,LONSME,0,55,1,NA,NA,NA,6856.875
2025,9,2025-09-15T00:00:00Z,110,1,LONSME,0,56,1,NA,NA,NA,6856.875
2025,9,2025-09-15T00:00:00Z,110,1,LONSME,0,57,2,NA,NA,NA,6856.875
2025,9,2025-09-15T00:00:00Z,110,1,LONSME,0,59,1,NA,NA,NA,6856.875
2025,9,2025-09-15T00:00:00Z,110,1,LONSME,0,63,1,NA,NA,NA,6856.875
2025,9,2025-09-15T00:00:00Z,110,1,LONSME,0,64,1,NA,NA,NA,6856.875
2025,9,2025-09-15T00:00:00Z,110,1,LONSME,0,NA,NA,4,50+ fish,NA,6856.875
2025,9,2025-09-15T00:00:00Z,110,2,LONSME,0,46,1,NA,NA,1014.079977,NA
2025,9,2025-09-15T00:00:00Z,110,2,LONSME,0,47,4,NA,NA,1014.079977,NA
2025,9,2025-09-15T00:00:00Z,110,2,LONSME,0,48,2,NA,NA,1014.079977,NA
2025,9,2025-09-15T00:00:00Z,110,2,LONSME,0,51,1,NA,NA,1014.079977,NA
2025,9,2025-09-15T00:00:00Z,110,2,LONSME,0,53,1,NA,NA,1014.079977,NA
2025,9,2025-09-11T00:00:00Z,211,1,LONSME,0,49,1,NA,NA,NA,5914.45
2025,9,2025-09-11T00:00:00Z,211,1,LONSME,0,50,2,NA,NA,NA,5914.45
2025,9,2025-09-11T00:00:00Z,211,1,LONSME,0,53,1,NA,NA,NA,5914.45
2025,9,2025-09-11T00:00:00Z,211,1,LONSME,0,54,1,NA,NA,NA,5914.45
2025,9,2025-09-11T00:00:00Z,211,1,LONSME,0,55,1,NA,NA,NA,5914.45
2025,9,2025-09-11T00:00:00Z,211,1,LONSME,0,56,2,NA,NA,NA,5914.45
2025,9,2025-09-11T00:00:00Z,211,1,LONSME,0,58,1,NA,NA,NA,5914.45
2025,9,2025-09-11T00:00:00Z,211,1,LONSME,0,62,1,NA,NA,NA,5914.45
2025,9,2025-09-11T00:00:00Z,211,1,LONSME,0,63,1,NA,NA,NA,5914.45
2025,9,2025-09-11T00:00:00Z,211,2,LONSME,0,57,1,NA,NA,1204.219985,NA
2025,9,2025-09-11T00:00:00Z,213,1,LONSME,0,50,1,NA,NA,NA,5487.8
2025,9,2025-09-11T00:00:00Z,213,1,LONSME,0,51,1,NA,NA,NA,5487.8
2025,9,2025-09-11T00:00:00Z,213,1,LONSME,0,53,3,NA,NA,NA,5487.8
2025,9,2025-09-11T00:00:00Z,213,1,LONSME,0,59,1,NA,NA,NA,5487.8
2025,9,2025-09-11T00:00:00Z,213,1,LONSME,0,61,1,NA,NA,NA,5487.8
2025,9,2025-09-11T00:00:00Z,213,1,LONSME,0,63,1,NA,NA,NA,5487.8
2025,9,2025-09-11T00:00:00Z,213,2,LONSME,0,45,1,NA,NA,697.1799962,NA
2025,9,2025-09-11T00:00:00Z,213,2,LONSME,0,47,1,NA,NA,697.1799962,NA
2025,9,2025-09-11T00:00:00Z,213,2,LONSME,0,48,2,NA,NA,697.1799962,NA
2025,9,2025-09-11T00:00:00Z,213,2,LONSME,0,49,1,NA,NA,697.1799962,NA
2025,9,2025-09-11T00:00:00Z,213,2,LONSME,0,50,3,NA,NA,697.1799962,NA
2025,9,2025-09-11T00:00:00Z,213,2,LONSME,0,51,3,NA,NA,697.1799962,NA
2025,9,2025-09-11T00:00:00Z,213,2,LONSME,0,53,2,NA,NA,697.1799962,NA
2025,9,2025-09-11T00:00:00Z,213,2,LONSME,0,54,2,NA,NA,697.1799962,NA
2025,9,2025-09-11T00:00:00Z,213,2,LONSME,0,55,3,NA,NA,697.1799962,NA
2025,9,2025-09-11T00:00:00Z,213,2,LONSME,0,56,2,NA,NA,697.1799962,NA
2025,9,2025-09-11T00:00:00Z,213,2,LONSME,0,57,3,NA,NA,697.1799962,NA
2025,9,2025-09-11T00:00:00Z,213,2,LONSME,0,58,1,NA,NA,697.1799962,NA
2025,9,2025-09-11T00:00:00Z,213,2,LONSME,0,60,2,NA,NA,697.1799962,NA
2025,9,2025-09-11T00:00:00Z,213,2,LONSME,0,62,1,NA,NA,697.1799962,NA
2025,9,2025-09-11T00:00:00Z,213,2,LONSME,0,NA,NA,3,"3 damaged, over 40mm ",697.1799962,NA
2025,9,2025-09-11T00:00:00Z,215,1,LONSME,0,43,1,NA,NA,NA,6114.55
2025,9,2025-09-11T00:00:00Z,215,2,LONSME,0,52,1,NA,NA,760.559983,NA
2025,9,2025-09-11T00:00:00Z,216,1,LONSME,0,47,1,NA,NA,NA,6956.925
2025,9,2025-09-11T00:00:00Z,216,1,LONSME,0,48,1,NA,NA,NA,6956.925
2025,9,2025-09-11T00:00:00Z,216,1,LONSME,0,49,1,NA,NA,NA,6956.925
2025,9,2025-09-11T00:00:00Z,216,1,LONSME,0,50,1,NA,NA,NA,6956.925
2025,9,2025-09-11T00:00:00Z,216,1,LONSME,0,56,1,NA,NA,NA,6956.925
2025,9,2025-09-11T00:00:00Z,216,1,LONSME,0,57,1,NA,NA,NA,6956.925
2025,9,2025-09-11T00:00:00Z,216,1,LONSME,0,58,1,NA,NA,NA,6956.925
2025,9,2025-09-11T00:00:00Z,216,2,LONSME,0,47,1,NA,NA,950.7000378,NA
2025,9,2025-09-11T00:00:00Z,216,2,LONSME,0,51,1,NA,NA,950.7000378,NA
2025,9,2025-09-11T00:00:00Z,243,1,LONSME,0,52,2,NA,NA,NA,5502.4625
2025,9,2025-09-11T00:00:00Z,243,1,LONSME,0,58,1,NA,NA,NA,5502.4625
2025,9,2025-09-11T00:00:00Z,243,1,LONSME,0,61,1,NA,NA,NA,5502.4625
2025,9,2025-09-11T00:00:00Z,243,2,LONSME,0,51,1,NA,NA,697.1799962,NA
2025,9,2025-09-11T00:00:00Z,243,2,LONSME,0,57,1,NA,NA,697.1799962,NA
2025,9,2025-09-11T00:00:00Z,243,2,LONSME,0,58,1,NA,NA,697.1799962,NA
2025,9,2025-09-11T00:00:00Z,243,2,LONSME,0,59,2,NA,NA,697.1799962,NA
2025,9,2025-09-11T00:00:00Z,243,2,LONSME,0,66,1,NA,NA,697.1799962,NA
2025,9,2025-09-10T00:00:00Z,317,1,LONSME,0,51,1,NA,NA,NA,6254.275
2025,9,2025-09-10T00:00:00Z,319,2,LONSME,0,46,1,NA,NA,1077.460011,NA
2025,9,2025-09-10T00:00:00Z,322,1,LONSME,0,50,1,NA,NA,NA,6116.5625
2025,9,2025-09-10T00:00:00Z,322,1,LONSME,0,51,1,NA,NA,NA,6116.5625
2025,9,2025-09-10T00:00:00Z,325,2,LONSME,0,56,1,NA,NA,1014.079977,NA
2025,9,2025-09-10T00:00:00Z,345,1,LONSME,0,65,1,NA,NA,NA,6000.7
2025,9,2025-09-10T00:00:00Z,345,2,LONSME,0,43,1,NA,NA,633.8000094,NA
2025,9,2025-09-10T00:00:00Z,345,2,LONSME,0,44,2,NA,NA,633.8000094,NA
2025,9,2025-09-10T00:00:00Z,345,2,LONSME,0,46,1,NA,NA,633.8000094,NA
2025,9,2025-09-10T00:00:00Z,346,1,LONSME,0,51,1,NA,NA,NA,2789.9
2025,9,2025-09-10T00:00:00Z,346,1,LONSME,0,58,1,NA,NA,NA,2789.9
2025,9,2025-09-10T00:00:00Z,346,2,LONSME,0,56,1,NA,NA,316.9000047,NA
2025,9,2025-09-03T00:00:00Z,433,1,LONSME,0,48,1,NA,NA,NA,5823.8875
2025,10,2025-10-08T00:00:00Z,108,2,LONSME,0,61,1,NA,NA,760.559983,NA
2025,10,2025-10-08T00:00:00Z,109,2,LONSME,0,58,1,NA,"2 LONSME caught in bad tow: 58, 64 (for ESA)",792.25,NA
2025,10,2025-10-08T00:00:00Z,109,2,LONSME,0,64,1,NA,NA,792.25,NA
2025,10,2025-10-08T00:00:00Z,110,1,LONSME,0,53,1,NA,NA,NA,6596.1125
2025,10,2025-10-08T00:00:00Z,110,1,LONSME,0,62,1,NA,NA,NA,6596.1125
2025,10,2025-10-08T00:00:00Z,110,2,LONSME,0,46,1,NA,NA,931.6859992,NA
2025,10,2025-10-08T00:00:00Z,110,2,LONSME,0,65,1,NA,NA,931.6859992,NA
2025,10,2025-10-07T00:00:00Z,211,1,LONSME,0,55,1,NA,NA,NA,5131.5875
2025,10,2025-10-07T00:00:00Z,211,1,LONSME,0,58,1,NA,NA,NA,5131.5875
2025,10,2025-10-07T00:00:00Z,211,1,LONSME,0,62,1,NA,NA,NA,5131.5875
2025,10,2025-10-07T00:00:00Z,211,1,LONSME,0,63,1,NA,NA,NA,5131.5875
2025,10,2025-10-07T00:00:00Z,211,2,LONSME,0,51,1,NA,NA,697.1799962,NA
2025,10,2025-10-07T00:00:00Z,214,2,LONSME,0,54,1,NA,NA,570.4200227,NA
2025,10,2025-10-07T00:00:00Z,214,2,LONSME,0,56,1,NA,NA,570.4200227,NA
2025,10,2025-10-07T00:00:00Z,215,1,LONSME,0,55,1,NA,NA,NA,5608.55
2025,10,2025-10-07T00:00:00Z,216,1,LONSME,0,51,1,NA,NA,NA,5659.725
2025,10,2025-10-07T00:00:00Z,216,1,LONSME,0,52,1,NA,NA,NA,5659.725
2025,10,2025-10-07T00:00:00Z,216,1,LONSME,0,54,1,NA,NA,NA,5659.725
2025,10,2025-10-07T00:00:00Z,216,1,LONSME,0,56,1,NA,NA,NA,5659.725
2025,10,2025-10-07T00:00:00Z,216,1,LONSME,0,56,1,NA,NA,NA,5659.725
2025,10,2025-10-07T00:00:00Z,216,1,LONSME,0,60,1,NA,NA,NA,5659.725
2025,10,2025-10-07T00:00:00Z,243,1,LONSME,0,55,1,NA,NA,NA,5721.5375
2025,10,2025-10-06T00:00:00Z,322,1,LONSME,0,42,1,NA,NA,NA,6399.75
2025,10,2025-10-06T00:00:00Z,322,1,LONSME,0,46,1,NA,NA,NA,6399.75
2025,10,2025-10-06T00:00:00Z,322,1,LONSME,0,47,3,NA,NA,NA,6399.75
2025,10,2025-10-06T00:00:00Z,322,1,LONSME,0,49,1,NA,NA,NA,6399.75
2025,10,2025-10-06T00:00:00Z,322,1,LONSME,0,50,3,NA,NA,NA,6399.75
2025,10,2025-10-06T00:00:00Z,322,1,LONSME,0,51,1,NA,NA,NA,6399.75
2025,10,2025-10-06T00:00:00Z,322,1,LONSME,0,52,2,NA,NA,NA,6399.75
2025,10,2025-10-06T00:00:00Z,322,1,LONSME,0,53,6,NA,NA,NA,6399.75
2025,10,2025-10-06T00:00:00Z,322,1,LONSME,0,54,2,NA,NA,NA,6399.75
2025,10,2025-10-06T00:00:00Z,322,1,LONSME,0,55,6,NA,NA,NA,6399.75
2025,10,2025-10-06T00:00:00Z,322,1,LONSME,0,56,1,NA,NA,NA,6399.75
2025,10,2025-10-06T00:00:00Z,322,1,LONSME,0,57,7,NA,NA,NA,6399.75
2025,10,2025-10-06T00:00:00Z,322,1,LONSME,0,58,2,NA,NA,NA,6399.75
2025,10,2025-10-06T00:00:00Z,322,1,LONSME,0,59,3,NA,NA,NA,6399.75
2025,10,2025-10-06T00:00:00Z,322,1,LONSME,0,60,3,NA,NA,NA,6399.75
2025,10,2025-10-06T00:00:00Z,322,1,LONSME,0,61,2,NA,NA,NA,6399.75
2025,10,2025-10-06T00:00:00Z,322,1,LONSME,0,62,1,NA,NA,NA,6399.75
2025,10,2025-10-06T00:00:00Z,322,1,LONSME,0,63,2,NA,NA,NA,6399.75
2025,10,2025-10-06T00:00:00Z,322,1,LONSME,0,65,1,NA,NA,NA,6399.75
2025,10,2025-10-06T00:00:00Z,322,1,LONSME,0,67,1,NA,NA,NA,6399.75
2025,10,2025-10-06T00:00:00Z,322,1,LONSME,0,69,1,NA,NA,NA,6399.75
2025,10,2025-10-06T00:00:00Z,322,1,LONSME,0,NA,NA,37,50+ fish,NA,6399.75
2025,10,2025-10-06T00:00:00Z,322,2,LONSME,0,47,4,NA,NA,995.0660332,NA
2025,10,2025-10-06T00:00:00Z,322,2,LONSME,0,52,1,NA,NA,995.0660332,NA
2025,10,2025-10-06T00:00:00Z,322,2,LONSME,0,53,1,NA,NA,995.0660332,NA
2025,10,2025-10-06T00:00:00Z,322,2,LONSME,0,54,1,NA,NA,995.0660332,NA
2025,10,2025-10-06T00:00:00Z,322,2,LONSME,0,56,1,NA,NA,995.0660332,NA
2025,10,2025-10-06T00:00:00Z,322,2,LONSME,0,57,2,NA,NA,995.0660332,NA
2025,10,2025-10-06T00:00:00Z,322,2,LONSME,0,80,1,NA,NA,995.0660332,NA
2025,10,2025-10-06T00:00:00Z,323,1,LONSME,0,50,1,NA,NA,NA,6330.175
2025,10,2025-10-06T00:00:00Z,323,1,LONSME,0,51,1,NA,NA,NA,6330.175
2025,10,2025-10-06T00:00:00Z,323,1,LONSME,0,52,1,NA,NA,NA,6330.175
2025,10,2025-10-06T00:00:00Z,323,1,LONSME,0,53,1,NA,NA,NA,6330.175
2025,10,2025-10-06T00:00:00Z,323,1,LONSME,0,54,1,NA,NA,NA,6330.175
2025,10,2025-10-06T00:00:00Z,323,1,LONSME,0,55,2,NA,NA,NA,6330.175
2025,10,2025-10-06T00:00:00Z,323,1,LONSME,0,58,1,NA,NA,NA,6330.175
2025,10,2025-10-06T00:00:00Z,323,1,LONSME,0,62,1,NA,NA,NA,6330.175
2025,10,2025-10-06T00:00:00Z,323,1,LONSME,0,63,1,NA,NA,NA,6330.175
2025,10,2025-10-06T00:00:00Z,323,1,LONSME,0,82,1,NA,NA,NA,6330.175
2025,10,2025-10-06T00:00:00Z,323,1,LONSME,0,109,1,NA,NA,NA,6330.175
2025,10,2025-10-06T00:00:00Z,323,2,LONSME,0,43,1,NA,NA,982.3900076,NA
2025,10,2025-10-06T00:00:00Z,323,2,LONSME,0,45,1,NA,NA,982.3900076,NA
2025,10,2025-10-06T00:00:00Z,323,2,LONSME,0,46,1,NA,NA,982.3900076,NA
2025,10,2025-10-06T00:00:00Z,323,2,LONSME,0,47,1,NA,NA,982.3900076,NA
2025,10,2025-10-06T00:00:00Z,323,2,LONSME,0,48,1,NA,NA,982.3900076,NA
2025,10,2025-10-06T00:00:00Z,323,2,LONSME,0,52,1,NA,NA,982.3900076,NA
2025,10,2025-10-06T00:00:00Z,323,2,LONSME,0,54,1,NA,NA,982.3900076,NA
2025,10,2025-10-06T00:00:00Z,323,2,LONSME,0,55,1,NA,NA,982.3900076,NA
2025,10,2025-10-06T00:00:00Z,323,2,LONSME,0,57,1,NA,NA,982.3900076,NA
2025,10,2025-10-06T00:00:00Z,325,1,LONSME,0,43,1,NA,NA,NA,6772.6375
2025,10,2025-10-06T00:00:00Z,325,1,LONSME,0,45,1,NA,NA,NA,6772.6375
2025,10,2025-10-06T00:00:00Z,325,1,LONSME,0,48,3,NA,NA,NA,6772.6375
2025,10,2025-10-06T00:00:00Z,325,1,LONSME,0,49,1,NA,NA,NA,6772.6375
2025,10,2025-10-06T00:00:00Z,325,1,LONSME,0,50,1,NA,NA,NA,6772.6375
2025,10,2025-10-06T00:00:00Z,325,1,LONSME,0,51,3,NA,NA,NA,6772.6375
2025,10,2025-10-06T00:00:00Z,325,1,LONSME,0,52,1,NA,NA,NA,6772.6375
2025,10,2025-10-06T00:00:00Z,325,1,LONSME,0,53,3,NA,NA,NA,6772.6375
2025,10,2025-10-06T00:00:00Z,325,1,LONSME,0,54,3,NA,NA,NA,6772.6375
2025,10,2025-10-06T00:00:00Z,325,1,LONSME,0,55,2,NA,NA,NA,6772.6375
2025,10,2025-10-06T00:00:00Z,325,1,LONSME,0,56,2,NA,NA,NA,6772.6375
2025,10,2025-10-06T00:00:00Z,325,2,LONSME,0,43,2,NA,NA,614.7860181,NA
2025,10,2025-10-06T00:00:00Z,325,2,LONSME,0,45,2,NA,NA,614.7860181,NA
2025,10,2025-10-06T00:00:00Z,325,2,LONSME,0,46,1,NA,NA,614.7860181,NA
2025,10,2025-10-06T00:00:00Z,325,2,LONSME,0,47,3,NA,NA,614.7860181,NA
2025,10,2025-10-06T00:00:00Z,325,2,LONSME,0,48,3,NA,NA,614.7860181,NA
2025,10,2025-10-06T00:00:00Z,325,2,LONSME,0,49,3,NA,NA,614.7860181,NA
2025,10,2025-10-06T00:00:00Z,325,2,LONSME,0,50,4,NA,NA,614.7860181,NA
2025,10,2025-10-06T00:00:00Z,325,2,LONSME,0,51,6,NA,NA,614.7860181,NA
2025,10,2025-10-06T00:00:00Z,325,2,LONSME,0,52,7,NA,NA,614.7860181,NA
2025,10,2025-10-06T00:00:00Z,325,2,LONSME,0,53,3,NA,NA,614.7860181,NA
2025,10,2025-10-06T00:00:00Z,325,2,LONSME,0,54,1,NA,NA,614.7860181,NA
2025,10,2025-10-06T00:00:00Z,325,2,LONSME,0,55,2,NA,NA,614.7860181,NA
2025,10,2025-10-06T00:00:00Z,325,2,LONSME,0,56,2,NA,NA,614.7860181,NA
2025,10,2025-10-06T00:00:00Z,325,2,LONSME,0,57,1,NA,NA,614.7860181,NA
2025,10,2025-10-06T00:00:00Z,325,2,LONSME,0,59,1,NA,NA,614.7860181,NA
2025,10,2025-10-06T00:00:00Z,325,2,LONSME,0,60,1,NA,NA,614.7860181,NA
2025,10,2025-10-06T00:00:00Z,325,2,LONSME,0,65,1,NA,NA,614.7860181,NA
2025,10,2025-10-06T00:00:00Z,325,2,LONSME,0,NA,NA,1,1 damaged,614.7860181,NA
2025,10,2025-10-06T00:00:00Z,325,2,LONSME,0,43,1,NA,NA,614.7860181,NA
2025,10,2025-10-06T00:00:00Z,325,2,LONSME,0,47,2,NA,NA,614.7860181,NA
2025,10,2025-10-06T00:00:00Z,325,2,LONSME,0,48,2,NA,NA,614.7860181,NA
2025,10,2025-10-06T00:00:00Z,325,2,LONSME,0,49,2,NA,NA,614.7860181,NA
2025,10,2025-10-06T00:00:00Z,325,2,LONSME,0,50,2,NA,NA,614.7860181,NA
2025,10,2025-10-06T00:00:00Z,325,2,LONSME,0,52,1,NA,18 LONSME caught in bad tow: 52-55 (for ESA),614.7860181,NA
2025,10,2025-10-06T00:00:00Z,325,2,LONSME,0,53,3,NA,NA,614.7860181,NA
2025,10,2025-10-06T00:00:00Z,325,2,LONSME,0,55,1,NA,NA,614.7860181,NA
2025,10,2025-10-06T00:00:00Z,325,2,LONSME,0,57,1,NA,NA,614.7860181,NA
2025,10,2025-10-06T00:00:00Z,325,2,LONSME,0,NA,NA,3,NA,614.7860181,NA
2025,10,2025-10-06T00:00:00Z,345,2,LONSME,0,60,1,NA,NA,988.7280204,NA
2025,10,2025-10-02T00:00:00Z,427,1,LONSME,0,56,1,NA,NA,NA,7745.825
2025,10,2025-10-02T00:00:00Z,429,1,LONSME,0,74,1,NA,NA,NA,6825.825
2025,10,2025-10-02T00:00:00Z,433,1,LONSME,0,58,1,NA,NA,NA,5833.375
2025,11,2025-11-17T00:00:00Z,101,2,LONSME,0,64,1,NA,NA,931.6859992,NA
2025,11,2025-11-17T00:00:00Z,103,2,LONSME,0,67,1,NA,NA,912.6719607,NA
2025,11,2025-11-17T00:00:00Z,107,1,LONSME,0,64,1,NA,NA,NA,7113.325
2025,11,2025-11-17T00:00:00Z,107,1,LONSME,0,63,1,NA,NA,NA,7113.325
2025,11,2025-11-17T00:00:00Z,107,1,LONSME,0,55,1,NA,NA,NA,7113.325
2025,11,2025-11-17T00:00:00Z,107,1,LONSME,0,54,1,NA,NA,NA,7113.325
2025,11,2025-11-17T00:00:00Z,107,1,LONSME,0,52,1,NA,NA,NA,7113.325
2025,11,2025-11-17T00:00:00Z,107,2,LONSME,0,70,1,NA,NA,1077.460011,NA
2025,11,2025-11-17T00:00:00Z,107,2,LONSME,0,57,1,NA,NA,1077.460011,NA
2025,11,2025-11-12T00:00:00Z,108,1,LONSME,0,60,1,NA,NA,NA,6700.7625
2025,11,2025-11-12T00:00:00Z,108,1,LONSME,0,71,1,NA,NA,NA,6700.7625
2025,11,2025-11-12T00:00:00Z,108,2,LONSME,0,83,1,NA,NA,1014.079977,NA
2025,11,2025-11-12T00:00:00Z,108,2,LONSME,0,55,1,NA,NA,1014.079977,NA
2025,11,2025-11-12T00:00:00Z,108,2,LONSME,0,66,3,NA,NA,1014.079977,NA
2025,11,2025-11-12T00:00:00Z,108,2,LONSME,0,63,1,NA,NA,1014.079977,NA
2025,11,2025-11-12T00:00:00Z,108,2,LONSME,0,67,1,NA,NA,1014.079977,NA
2025,11,2025-11-12T00:00:00Z,108,2,LONSME,0,57,1,NA,NA,1014.079977,NA
2025,11,2025-11-12T00:00:00Z,108,2,LONSME,0,68,1,NA,NA,1014.079977,NA
2025,11,2025-11-12T00:00:00Z,108,2,LONSME,0,59,1,NA,NA,1014.079977,NA
2025,11,2025-11-12T00:00:00Z,108,2,LONSME,0,89,1,NA,NA,1014.079977,NA
2025,11,2025-11-12T00:00:00Z,108,2,LONSME,0,60,1,NA,NA,1014.079977,NA
2025,11,2025-11-12T00:00:00Z,108,2,LONSME,0,65,1,NA,NA,1014.079977,NA
2025,11,2025-11-12T00:00:00Z,108,2,LONSME,0,64,2,NA,NA,1014.079977,NA
2025,11,2025-11-12T00:00:00Z,108,2,LONSME,0,53,1,NA,NA,1014.079977,NA
2025,11,2025-11-12T00:00:00Z,109,1,LONSME,0,54,3,NA,NA,NA,7692.35
2025,11,2025-11-12T00:00:00Z,109,1,LONSME,0,60,1,NA,NA,NA,7692.35
2025,11,2025-11-12T00:00:00Z,109,1,LONSME,0,58,3,NA,NA,NA,7692.35
2025,11,2025-11-12T00:00:00Z,109,1,LONSME,0,57,2,NA,NA,NA,7692.35
2025,11,2025-11-12T00:00:00Z,109,1,LONSME,0,55,1,NA,NA,NA,7692.35
2025,11,2025-11-12T00:00:00Z,109,1,LONSME,0,53,3,NA,NA,NA,7692.35
2025,11,2025-11-12T00:00:00Z,109,1,LONSME,0,50,4,NA,NA,NA,7692.35
2025,11,2025-11-12T00:00:00Z,109,1,LONSME,0,64,2,NA,NA,NA,7692.35
2025,11,2025-11-12T00:00:00Z,109,1,LONSME,0,52,1,NA,NA,NA,7692.35
2025,11,2025-11-12T00:00:00Z,109,1,LONSME,0,51,1,NA,NA,NA,7692.35
2025,11,2025-11-12T00:00:00Z,109,2,LONSME,0,53,3,NA,Kenji: removed 2 from this row. 11/20/2025,1077.460011,NA
2025,11,2025-11-12T00:00:00Z,109,2,LONSME,0,57,3,NA,NA,1077.460011,NA
2025,11,2025-11-12T00:00:00Z,109,2,LONSME,0,58,2,NA,NA,1077.460011,NA
2025,11,2025-11-12T00:00:00Z,109,2,LONSME,0,67,1,NA,NA,1077.460011,NA
2025,11,2025-11-12T00:00:00Z,109,2,LONSME,0,52,1,NA,NA,1077.460011,NA
2025,11,2025-11-12T00:00:00Z,109,2,LONSME,0,54,1,NA,NA,1077.460011,NA
2025,11,2025-11-12T00:00:00Z,109,2,LONSME,0,65,1,NA,NA,1077.460011,NA
2025,11,2025-11-12T00:00:00Z,110,2,LONSME,0,51,1,NA,NA,823.9399698,NA
2025,11,2025-11-12T00:00:00Z,110,2,LONSME,0,57,1,NA,NA,823.9399698,NA
2025,11,2025-11-12T00:00:00Z,110,2,LONSME,0,107,1,NA,NA,823.9399698,NA
2025,11,2025-11-12T00:00:00Z,110,2,LONSME,0,59,1,NA,NA,823.9399698,NA
2025,11,2025-11-19T00:00:00Z,140,1,LONSME,0,58,1,NA,NA,NA,6812.8875
2025,11,2025-11-10T00:00:00Z,211,1,LONSME,0,49,1,NA,NA,NA,6884.1875
2025,11,2025-11-10T00:00:00Z,211,1,LONSME,0,58,1,NA,NA,NA,6884.1875
2025,11,2025-11-10T00:00:00Z,211,1,LONSME,0,55,1,NA,NA,NA,6884.1875
2025,11,2025-11-10T00:00:00Z,211,2,LONSME,0,64,1,NA,NA,1457.740026,NA
2025,11,2025-11-10T00:00:00Z,211,2,LONSME,0,57,1,NA,NA,1457.740026,NA
2025,11,2025-11-10T00:00:00Z,211,2,LONSME,0,52,2,NA,NA,1457.740026,NA
2025,11,2025-11-10T00:00:00Z,211,2,LONSME,0,49,1,NA,NA,1457.740026,NA
2025,11,2025-11-10T00:00:00Z,211,2,LONSME,0,56,2,NA,NA,1457.740026,NA
2025,11,2025-11-10T00:00:00Z,211,2,LONSME,0,68,1,NA,NA,1457.740026,NA
2025,11,2025-11-10T00:00:00Z,211,2,LONSME,0,55,2,NA,NA,1457.740026,NA
2025,11,2025-11-10T00:00:00Z,211,2,LONSME,0,50,1,NA,NA,1457.740026,NA
2025,11,2025-11-10T00:00:00Z,211,2,LONSME,0,53,2,NA,NA,1457.740026,NA
2025,11,2025-11-10T00:00:00Z,211,2,LONSME,0,67,1,NA,NA,1457.740026,NA
2025,11,2025-11-10T00:00:00Z,211,2,LONSME,0,56,1,0,est length for ESA and age class assignment,1457.740026,NA
2025,11,2025-11-10T00:00:00Z,214,1,LONSME,0,55,1,NA,NA,NA,6764.0125
2025,11,2025-11-10T00:00:00Z,214,1,LONSME,0,60,1,NA,NA,NA,6764.0125
2025,11,2025-11-10T00:00:00Z,214,2,LONSME,0,52,1,NA,NA,1204.219985,NA
2025,11,2025-11-10T00:00:00Z,214,2,LONSME,0,56,2,NA,NA,1204.219985,NA
2025,11,2025-11-10T00:00:00Z,214,2,LONSME,0,53,1,NA,NA,1204.219985,NA
2025,11,2025-11-10T00:00:00Z,214,2,LONSME,0,63,1,NA,NA,1204.219985,NA
2025,11,2025-11-10T00:00:00Z,214,2,LONSME,0,54,3,NA,NA,1204.219985,NA
2025,11,2025-11-10T00:00:00Z,214,2,LONSME,0,97,1,NA,NA,1204.219985,NA
2025,11,2025-11-10T00:00:00Z,214,2,LONSME,0,51,1,NA,NA,1204.219985,NA
2025,11,2025-11-10T00:00:00Z,214,2,LONSME,0,58,1,NA,NA,1204.219985,NA
2025,11,2025-11-10T00:00:00Z,214,2,LONSME,0,60,1,NA,NA,1204.219985,NA
2025,11,2025-11-10T00:00:00Z,214,2,LONSME,0,106,1,NA,NA,1204.219985,NA
2025,11,2025-11-10T00:00:00Z,214,2,LONSME,0,56,3,0,"mangled, could not measure; est length for ESA and age class assignment",1204.219985,NA
2025,11,2025-11-10T00:00:00Z,215,2,LONSME,0,63,1,NA,NA,1077.460011,NA
2025,11,2025-11-10T00:00:00Z,216,2,LONSME,0,65,1,NA,NA,1140.840045,NA
2025,11,2025-11-10T00:00:00Z,216,2,LONSME,0,57,1,NA,NA,1140.840045,NA
2025,11,2025-11-10T00:00:00Z,243,2,LONSME,0,55,1,NA,NA,1267.600019,NA
2025,11,2025-11-06T00:00:00Z,318,2,LONSME,0,56,1,NA,NA,950.7000378,NA
2025,11,2025-11-06T00:00:00Z,321,1,LONSME,0,57,1,NA,NA,NA,7702.9875
2025,11,2025-11-06T00:00:00Z,321,2,LONSME,0,57,1,NA,NA,1014.079977,NA
2025,11,2025-11-06T00:00:00Z,321,2,LONSME,0,49,1,NA,NA,1014.079977,NA
2025,11,2025-11-06T00:00:00Z,321,2,LONSME,0,73,1,NA,NA,1014.079977,NA
2025,11,2025-11-06T00:00:00Z,321,2,LONSME,0,54,2,NA,NA,1014.079977,NA
2025,11,2025-11-06T00:00:00Z,321,2,LONSME,0,61,2,NA,NA,1014.079977,NA
2025,11,2025-11-06T00:00:00Z,321,2,LONSME,0,65,2,NA,NA,1014.079977,NA
2025,11,2025-11-06T00:00:00Z,321,2,LONSME,0,70,1,NA,NA,1014.079977,NA
2025,11,2025-11-06T00:00:00Z,321,2,LONSME,0,67,1,NA,NA,1014.079977,NA
2025,11,2025-11-06T00:00:00Z,321,2,LONSME,0,53,1,NA,NA,1014.079977,NA
2025,11,2025-11-06T00:00:00Z,321,2,LONSME,0,83,1,NA,NA,1014.079977,NA
2025,11,2025-11-06T00:00:00Z,321,2,LONSME,0,66,1,NA,NA,1014.079977,NA
2025,11,2025-11-06T00:00:00Z,321,2,LONSME,0,55,1,NA,NA,1014.079977,NA
2025,11,2025-11-06T00:00:00Z,322,1,LONSME,0,51,1,NA,NA,NA,7652.9625
2025,11,2025-11-06T00:00:00Z,322,1,LONSME,0,53,1,NA,NA,NA,7652.9625
2025,11,2025-11-06T00:00:00Z,322,1,LONSME,0,54,1,NA,NA,NA,7652.9625
2025,11,2025-11-06T00:00:00Z,322,1,LONSME,0,89,1,NA,NA,NA,7652.9625
2025,11,2025-11-06T00:00:00Z,322,2,LONSME,0,55,1,NA,NA,1140.840045,NA
2025,11,2025-11-06T00:00:00Z,322,2,LONSME,0,72,1,NA,NA,1140.840045,NA
2025,11,2025-11-06T00:00:00Z,322,2,LONSME,0,67,1,NA,NA,1140.840045,NA
2025,11,2025-11-06T00:00:00Z,322,2,LONSME,0,53,1,NA,NA,1140.840045,NA
2025,11,2025-11-06T00:00:00Z,323,2,LONSME,0,61,1,NA,NA,1204.219985,NA
2025,11,2025-11-06T00:00:00Z,323,2,LONSME,0,58,1,NA,NA,1204.219985,NA
2025,11,2025-11-06T00:00:00Z,323,2,LONSME,0,59,1,NA,NA,1204.219985,NA
2025,11,2025-11-06T00:00:00Z,323,2,LONSME,0,65,1,NA,NA,1204.219985,NA
2025,11,2025-11-06T00:00:00Z,323,2,LONSME,0,57,1,NA,NA,1204.219985,NA
2025,11,2025-11-06T00:00:00Z,325,1,LONSME,0,54,1,NA,NA,NA,7477.875
2025,11,2025-11-06T00:00:00Z,325,1,LONSME,0,57,1,NA,NA,NA,7477.875
2025,11,2025-11-06T00:00:00Z,325,1,LONSME,0,65,1,NA,NA,NA,7477.875
2025,11,2025-11-06T00:00:00Z,325,1,LONSME,0,58,1,NA,NA,NA,7477.875
2025,11,2025-11-06T00:00:00Z,325,2,LONSME,0,73,1,NA,NA,697.1799962,NA
2025,11,2025-11-06T00:00:00Z,325,2,LONSME,0,57,1,NA,NA,697.1799962,NA
2025,11,2025-11-06T00:00:00Z,325,2,LONSME,0,58,1,NA,NA,697.1799962,NA
2025,11,2025-11-06T00:00:00Z,346,1,LONSME,0,63,1,NA,NA,NA,4510.3
2025,11,2025-11-06T00:00:00Z,346,1,LONSME,0,58,1,NA,NA,NA,4510.3
2025,11,2025-11-06T00:00:00Z,346,1,LONSME,0,91,1,NA,NA,NA,4510.3
2025,11,2025-11-06T00:00:00Z,346,2,LONSME,0,57,1,NA,NA,1077.460011,NA
2025,11,2025-11-06T00:00:00Z,346,2,LONSME,0,64,1,NA,NA,1077.460011,NA
2025,11,2025-11-05T00:00:00Z,427,2,LONSME,0,62,1,NA,NA,602.1099924,NA
2025,11,2025-11-05T00:00:00Z,429,1,LONSME,0,68,1,NA,NA,NA,8276.55
2025,11,2025-11-05T00:00:00Z,429,1,LONSME,0,57,1,NA,NA,NA,8276.55
2025,11,2025-11-05T00:00:00Z,429,1,LONSME,0,57,1,NA,Kenji added  ESA. 11/20/2025,NA,8276.55
2025,11,2025-11-05T00:00:00Z,429,1,LONSME,0,105,1,NA,Kenji added  ESA. 11/20/2025,NA,8276.55
2025,11,2025-11-05T00:00:00Z,430,1,LONSME,0,63,1,NA,NA,NA,8990.9875
2025,11,2025-11-05T00:00:00Z,432,2,LONSME,0,67,1,NA,NA,887.3200038,NA
2025,11,2025-11-05T00:00:00Z,535,1,LONSME,0,57,1,NA,NA,NA,7738.0625
2025,11,2025-11-05T00:00:00Z,535,1,LONSME,0,73,1,NA,Kenji added 1 ESA 11/20/2025,NA,7738.0625
2025,11,2025-11-05T00:00:00Z,535,2,LONSME,0,65,1,NA,NA,1077.460011,NA
2025,11,2025-11-04T00:00:00Z,736,1,LONSME,0,58,1,NA,NA,NA,6720.6
