"SampleID_frp","LatitudeStart","LongitudeStart","GearTypeAbbreviation","effort","Location","Date","Longfin_CPUE"
"BEASEI01-TULE-12FEB2024",38.11678,121.977711,"BEASEI",63,"Tule Red",2024-02-12,0
"BEASEI02-TULE-12FEB2024",38.119558,121.978038,"BEASEI",54.45,"Tule Red",2024-02-12,0
"LAMOPE01-TULE-25JAN2024",38.1334,121.992147,"LAMOPE",168.922111459686,"Tule Red",2024-01-25,0
"CAST01-TULE-25JAN2024",38.123962,121.980815,"CAST",NA,"Tule Red",2024-01-25,0
"LAMOPE03-TULE-25JAN2024",38.131176,121.990725,"LAMOPE",257.551731085734,"Tule Red",2024-01-25,0
"LAMOPE05-GRIZ-25JAN2024",38.121021,121.990446,"LAMOPE",197.300077206198,"Grizzly Bay",2024-01-25,0
"LAMOPE06-GRIZ-25JAN2024",38.114482,121.992554,"LAMOPE",280.81804009311,"Grizzly Bay",2024-01-25,0
"LAMOPE09-RYER-25JAN2024",38.076836,122.013955,"LAMOPE",332.7,"Ryer Island",2024-01-25,0
"BEASEI01-TULE-07MAR2024",38.133047,121.994871,"BEASEI",72,"Tule Red",2024-03-07,0
"OTTTRA01-TULE-07MAR2024",38.122098,121.983089,"OTTTRA",2413.92019,"Tule Red",2024-03-07,0
"OTTTRA02-TULE-07MAR2024",38.126945,121.987138,"OTTTRA",2225.198745,"Tule Red",2024-03-07,0
"OTTTRA03-TULE-07MAR2024",38.131414,121.991266,"OTTTRA",2783.234905,"Tule Red",2024-03-07,0
"OTTTRA04-TULE-07MAR2024",38.122903,121.9837,"OTTTRA",1696.4979075,"Tule Red",2024-03-07,0
"OTTTRA05-TULE-07MAR2024",38.127316,121.987129,"OTTTRA",1468.9829,"Tule Red",2024-03-07,0
"OTTTRA06-TULE-07MAR2024",38.133758,121.995861,"OTTTRA",2196.824025,"Tule Red",2024-03-07,0
"OTTTRA07-TULE-07MAR2024",38.131102,121.99052,"OTTTRA",2059.088405,"Tule Red",2024-03-07,0
"OTTTRA08-TULE-07MAR2024",38.126033,121.987075,"OTTTRA",1872.583735,"Tule Red",2024-03-07,0
"OTTTRA09-TULE-07MAR2024",38.125935,121.985815,"OTTTRA",1940.3431575,"Tule Red",2024-03-07,0
"LAMOPE01-TULE-07MAR2024",38.12873,121.988214,"LAMOPE",241.188915624294,"Tule Red",2024-03-07,0
"LAMOPE02-TULE-07MAR2024",38.13128,121.990991,"LAMOPE",257.551731085734,"Tule Red",2024-03-07,0
"LAMOPE03-TULE-07MAR2024",38.133818,121.993193,"LAMOPE",178.551821933162,"Tule Red",2024-03-07,0
"LAMOPE04-TULE-07MAR2024",38.133859,121.994934,"LAMOPE",178.551821933162,"Tule Red",2024-03-07,0
"LAMOPE06-TULE-07MAR2024",38.123099,121.983908,"LAMOPE",249.455517634,"Tule Red",2024-03-07,0
"LAMOPE01-GRIZ-12FEB2024",38.13934,122.011932,"LAMOPE",118.217730722742,"Grizzly Bay",2024-02-12,0
"LAMOPE02-GRIZ-12FEB2024",38.132619,122.01448,"LAMOPE",168.922111459686,"Grizzly Bay",2024-02-12,0
"LAMOPE01-GRIZ-11MAR2024",38.126908,122.008482,"LAMOPE",178.551821933162,"Grizzly Bay",2024-03-11,0
"LAMOPE02-GRIZ-11MAR2024",38.130068,122.003459,"LAMOPE",159.12201242824,"Grizzly Bay",2024-03-11,0
"LAMOPE03-GRIZ-11MAR2024",38.124263,121.995384,"LAMOPE",139.010648691434,"Grizzly Bay",2024-03-11,0
"LAMOPE03-GRIZ-12FEB2024",38.126425,122.002444,"LAMOPE",168.922111459686,"Grizzly Bay",2024-02-12,0
"LAMOPE04-TULE-12FEB2024",38.132755,121.991308,"LAMOPE",188.011143848666,"Tule Red",2024-02-12,0
"LAMOPE06-TULE-12FEB2024",38.133539,121.992286,"LAMOPE",159.12201242824,"Tule Red",2024-02-12,0
"LAMOPE08-RYER-12FEB2024",38.079769,122.011764,"LAMOPE",188.011143848666,"Ryer Island",2024-02-12,0
"LAMOPE09-RYER-12FEB2024",38.076315,122.006692,"LAMOPE",241.188915624294,"Ryer Island",2024-02-12,0
"BEASEI01-TULE-08APR2024",38.123343,121.9798,"BEASEI",78.75,"Tule Red",2024-04-08,0
"BEASEI02-TULE-08APR2024",38.119586,121.97806,"BEASEI",69.3,"Tule Red",2024-04-08,0
"BIGLAM01-GRIZ-21MAY2024",38.122205,122.008721,"BIGLAM",370.573453039033,"Grizzly Bay",2024-05-21,0
"BIGLAM02-GRIZ-21MAY2024",38.117493,121.996448,"BIGLAM",370.573453039033,"Grizzly Bay",2024-05-21,0
"BIGLAM03-GRIZ-21MAY2024",38.132388,122.007338,"BIGLAM",345.868556169764,"Grizzly Bay",2024-05-21,0
"BIGLAM04-TULE-21MAY2024",38.134013,121.993387,"BIGLAM",494.097937385377,"Tule Red",2024-05-21,0
"BIGLAM05-TULE-21MAY2024",38.129856,121.988786,"BIGLAM",568.212627993184,"Tule Red",2024-05-21,0
"BIGLAM06-TULE-21MAY2024",38.124028,121.980413,"BIGLAM",296.458762431226,"Tule Red",2024-05-21,0
"LAMOPE01-RYER-21MAY2024",38.083967,122.009806,"LAMOPE",188.011143848666,"Ryer Island",2024-05-21,0
"BIGLAM07-RYER-21MAY2024",38.08247,122.013267,"BIGLAM",444.688143646839,"Ryer Island",2024-05-21,0
"OTTTRA01-GRIZ-17JUN2024",38.128793,122.004326,"OTTTRA",1836.228625,"Grizzly Bay",2024-06-17,16.3378348379685
"OTTTRA02-GRIZ-17JUN2024",38.132633,122.000955,"OTTTRA",474.833205,"Grizzly Bay",2024-06-17,0
"OTTTRA03-GRIZ-17JUN2024",38.128383,121.996348,"OTTTRA",405.1525775,"Grizzly Bay",2024-06-17,0
"OTTTRA04-TULE-17JUN2024",38.122802,121.983563,"OTTTRA",772.5460875,"Tule Red",2024-06-17,0
"OTTTRA05-TULE-17JUN2024",38.125676,121.985577,"OTTTRA",1815.4648325,"Tule Red",2024-06-17,0
"OTTTRA06-TULE-17JUN2024",38.13029,121.989058,"OTTTRA",1897.0421525,"Tule Red",2024-06-17,0
"OTTTRA07-RYER-17JUN2024",38.078754,122.014442,"OTTTRA",1000.5783425,"Ryer Island",2024-06-17,0
"OTTTRA08-RYER-17JUN2024",38.08055,122.015336,"OTTTRA",1074.3230575,"Ryer Island",2024-06-17,0
"OTTTRA09-RYER-17JUN2024",38.086421,122.023424,"OTTTRA",2053.2508975,"Ryer Island",2024-06-17,0
"OTTTRA01-GRIZ-17OCT2024",38.130237,122.003778,"OTTTRA",1951.64871,"Grizzly Bay",2024-10-17,0
"OTTTRA02-GRIZ-17OCT2024",38.135128,122.008909,"OTTTRA",1889.135655,"Grizzly Bay",2024-10-17,5.29342610920125
"OTTTRA03-GRIZ-17OCT2024",38.13167,121.999987,"OTTTRA",2021.7726925,"Grizzly Bay",2024-10-17,4.94615445005077
"OTTTRA04-TULE-17OCT2024",38.123669,121.984188,"OTTTRA",2132.685335,"Tule Red",2024-10-17,4.68892425707987
"OTTTRA05-TULE-17OCT2024",38.127851,121.987186,"OTTTRA",2092.1183525,"Tule Red",2024-10-17,0
"OTTTRA06-TULE-17OCT2024",38.132226,121.99097,"OTTTRA",2037.36401,"Tule Red",2024-10-17,0
"OTTTRA07-RYER-17OCT2024",38.078816,122.014534,"OTTTRA",1363.316625,"Ryer Island",2024-10-17,0
"OTTTRA08-RYER-17OCT2024",38.083075,122.012927,"OTTTRA",1485.7564975,"Ryer Island",2024-10-17,0
"OTTTRA10-RYER-17OCT2024",38.086087,122.019594,"OTTTRA",850.502675,"Ryer Island",2024-10-17,0
"BEASEI02-TULE-21OCT2024",38.124028,121.979779,"BEASEI",7.182,"Tule Red",2024-10-21,0
"OTTTRA01-GRIZ-14NOV2024",38.131985,122.000595,"OTTTRA",2080.1477675,"Grizzly Bay",2024-11-14,0
"OTTTRA02-GRIZ-14NOV2024",38.132169,121.999178,"OTTTRA",2325.396975,"Grizzly Bay",2024-11-14,0
"OTTTRA03-GRIZ-14NOV2024",38.128595,121.997334,"OTTTRA",1694.1333475,"Grizzly Bay",2024-11-14,0
"OTTTRA04-TULE-14NOV2024",38.121506,121.98135,"OTTTRA",1955.934475,"Tule Red",2024-11-14,0
"OTTTRA05-TULE-14NOV2024",38.124617,121.984735,"OTTTRA",1784.503875,"Tule Red",2024-11-14,0
"OTTTRA06-TULE-14NOV2024",38.127144,121.987114,"OTTTRA",2104.4584,"Tule Red",2024-11-14,0
"OTTTRA07-RYER-14NOV2024",38.078517,122.014046,"OTTTRA",1987.9299275,"Ryer Island",2024-11-14,0
"OTTTRA08-RYER-14NOV2024",38.082583,122.01329,"OTTTRA",1262.8967175,"Ryer Island",2024-11-14,0
"OTTTRA09-RYER-14NOV2024",38.086287,122.023043,"OTTTRA",1714.749355,"Ryer Island",2024-11-14,0
"BEASEI01-TULE-18NOV2024",38.119559,121.978094,"BEASEI",11.907,"Tule Red",2024-11-18,0
"BEASEI02-TULE-18NOV2024",38.124083,121.97973,"BEASEI",11.186,"Tule Red",2024-11-18,0
"BEASEI01-TULE-02DEC2024",38.124085,121.979723,"BEASEI",9.3765,"Tule Red",2024-12-02,0
"OTTTRA01-TULE-17DEC2024",38.121997,121.983058,"OTTTRA",2040.5413875,"Tule Red",2024-12-17,0
"OTTTRA06-GRIZ-17DEC2024",38.13389,122.00144,"OTTTRA",1899.480605,"Grizzly Bay",2024-12-17,5.26459705546717
"OTTTRA02-TULE-17DEC2024",38.127342,121.987104,"OTTTRA",2001.60004,"Tule Red",2024-12-17,0
"OTTTRA07-GRIZ-17DEC2024",38.125919,122.01018,"OTTTRA",2172.882855,"Grizzly Bay",2024-12-17,0
"OTTTRA09-RYER-17DEC2024",38.08327,122.012564,"OTTTRA",1878.790705,"Ryer Island",2024-12-17,0
"OTTTRA10-RYER-17DEC2024",38.081818,122.017867,"OTTTRA",2164.2374325,"Ryer Island",2024-12-17,0
"OTTTRA03-TULE-17DEC2024",38.128895,121.988539,"OTTTRA",2644.3908975,"Tule Red",2024-12-17,0
"OTTTRA04-GRIZ-17DEC2024",38.132248,121.999265,"OTTTRA",2799.786825,"Grizzly Bay",2024-12-17,0
"OTTTRA11-RYER-17DEC2024",38.083348,122.007285,"OTTTRA",2176.2080175,"Ryer Island",2024-12-17,0
"LAMOPE08-RYER-25JAN2024",38.083906,122.013053,"LAMOPE",232.751925056618,"Ryer Island",2024-01-25,0
"BEASEI02-TULE-02DEC2024",38.119572,121.977995,"BEASEI",17.956,"Tule Red",2024-12-02,0
"LAMOPE02-TULE-25JAN2024",38.132876,121.991369,"LAMOPE",257.551731085734,"Tule Red",2024-01-25,0
"LAMOPE04-GRIZ-25JAN2024",38.12561,122.005496,"LAMOPE",280.81804009311,"Grizzly Bay",2024-01-25,0
"LAMOPE07-RYER-25JAN2024",38.080739,122.012098,"LAMOPE",273.23299231529,"Ryer Island",2024-01-25,0
"CAST01-TULE-07MAR2024",38.122112,121.986755,"CAST",NA,"Tule Red",2024-03-07,0
"LAMOPE05-TULE-07MAR2024",38.121533,121.98165,"LAMOPE",168.922111459686,"Tule Red",2024-03-07,0
"LAMOPE04-RYER-11MAR2024",38.089954,122.024705,"LAMOPE",168.922111459686,"Ryer Island",2024-03-11,0
"LAMOPE05-RYER-11MAR2024",38.088223,122.026605,"LAMOPE",241.188915624294,"Ryer Island",2024-03-11,0
"LAMOPE06-RYER-11MAR2024",38.084149,122.00967,"LAMOPE",128.699383986074,"Ryer Island",2024-03-11,0
"LAMOPE05-TULE-12FEB2024",38.121446,121.982784,"LAMOPE",215.36677824735,"Tule Red",2024-02-12,0
"LAMOPE07-RYER-12FEB2024",38.086377,122.022961,"LAMOPE",358.548305905206,"Ryer Island",2024-02-12,0
"LAMOPE02-RYER-21MAY2024",38.077622,122.007773,"LAMOPE",224.14454593097,"Ryer Island",2024-05-21,44.6140679375697
