CVTA_ID,SampleDateTime,ForkLength,LAD_Race,Genetic_Assignment,Prob_Assignment,Spring_Pop_Assignment,Facility,Date_Assigned
C245197CVP,2024-11-19 14:00,139,Late Fall,Fall,0.972,NA,CVP,2024-12-10
C245198CVP,2024-11-30 08:00,153,Late Fall,Fall,0.585,NA,CVP,2024-12-10
C245199CVP,2024-12-01 10:00,170,Fall,Late Fall,0.998,NA,CVP,2024-12-10
C245203CVP,2024-12-04 02:00,150,Late Fall,Fall,0.996,NA,CVP,2024-12-10
C245204CVP,2024-12-04 04:00,161,Late Fall,Fall,0.857,NA,CVP,2024-12-10
C245205CVP,2024-12-04 04:00,151,Late Fall,Late Fall,0.965,NA,CVP,2024-12-10
C245210CVP,2024-12-04 12:00,138,Late Fall,Fall,0.997,NA,CVP,2024-12-10
C245211CVP,2024-12-04 12:00,150,Late Fall,Late Fall,0.931,NA,CVP,2024-12-10
C245213CVP,2024-12-05 08:00,170,Fall,Fall,0.98,NA,CVP,2024-12-10
C245215CVP,2024-12-05 18:00,136,Late Fall,Late Fall,0.999,NA,CVP,2024-12-11
C245216CVP,2024-12-05 22:00,145,Late Fall,Late Fall,1,NA,CVP,2024-12-11
C245217CVP,2024-12-05 23:59,149,Late Fall,Late Fall,1,NA,CVP,2024-12-11
C245218CVP,2024-12-05 23:59,177,Fall,Late Fall,1,NA,CVP,2024-12-11
C245221CVP,2024-12-07 14:00,123,Winter,Fall,0.504,NA,CVP,2024-12-11
C245226CVP,2024-12-17 10:00,118,Winter,Fall,1,NA,CVP,2024-12-24
C250001CVP,2025-01-02 20:00,134,Winter,Fall,1,NA,CVP,2025-01-04
C250002CVP,2025-01-16 16:00,92,Winter,Winter,1,NA,CVP,2025-01-20
C250001SWP,2025-01-19 07:00,171,Winter,Fall,1,NA,SWP,2025-01-21
C250082SWP,2025-02-05 11:00,177,Winter,Fall,0.611,NA,SWP,2025-02-07
C250003CVP,2025-02-08 10:00,118,Winter,Winter,1,NA,CVP,2025-02-10
C250004CVP,2025-02-18 18:00,36,Fall,Fall,0.777,NA,CVP,2025-02-28
C250005CVP,2025-02-18 18:00,37,Fall,Fall,0.998,NA,CVP,2025-02-28
C250006CVP,2025-02-18 18:00,37,Fall,Fall,0.6,NA,CVP,2025-02-28
C250007CVP,2025-02-18 18:00,33,Fall,Fall,0.91,NA,CVP,2025-02-28
C250008CVP,2025-02-18 20:00,35,Fall,Fall,0.908,NA,CVP,2025-02-28
C250009CVP,2025-02-18 20:00,36,Fall,Fall,0.831,NA,CVP,2025-02-28
C250010CVP,2025-02-18 20:00,37,Fall,Fall,0.979,NA,CVP,2025-02-28
C250011CVP,2025-02-18 20:00,36,Fall,Fall,0.967,NA,CVP,2025-02-28
C250012CVP,2025-02-18 20:00,40,Fall,Fall,0.912,NA,CVP,2025-02-28
C250013CVP,2025-02-18 20:00,36,Fall,Fall,0.861,NA,CVP,2025-02-28
C250014CVP,2025-02-18 20:00,42,Fall,Fall,0.993,NA,CVP,2025-02-28
C250015CVP,2025-02-18 20:00,38,Fall,Fall,0.733,NA,CVP,2025-02-28
C250016CVP,2025-02-18 20:00,38,Fall,Fall,0.706,NA,CVP,2025-02-28
C250017CVP,2025-02-18 20:00,39,Fall,Fall,0.895,NA,CVP,2025-02-28
C250018CVP,2025-02-18 20:00,37,Fall,Fall,0.971,NA,CVP,2025-02-28
C250019CVP,2025-02-18 20:00,38,Fall,Fall,0.614,NA,CVP,2025-02-28
C250020CVP,2025-02-18 20:00,37,Fall,Fall,0.978,NA,CVP,2025-02-28
C250021CVP,2025-02-18 20:00,39,Fall,Fall,0.976,NA,CVP,2025-02-28
C250022CVP,2025-02-18 22:00,38,Fall,Fall,0.987,NA,CVP,2025-02-28
C250023CVP,2025-02-19 04:00,36,Fall,Fall,0.992,NA,CVP,2025-02-28
C250024CVP,2025-02-19 04:00,36,Fall,Fall,0.56,NA,CVP,2025-02-28
C250025CVP,2025-02-19 04:00,35,Fall,Fall,0.415,NA,CVP,2025-02-28
C250026CVP,2025-02-19 06:00,35,Fall,Fall,0.857,NA,CVP,2025-02-28
C250027CVP,2025-02-19 06:00,35,Fall,Fall,0.794,NA,CVP,2025-02-28
C250028CVP,2025-02-19 06:00,36,Fall,Fall,0.988,NA,CVP,2025-02-28
C250029CVP,2025-02-19 08:00,37,Fall,Fall,0.687,NA,CVP,2025-02-28
C250030CVP,2025-02-19 08:00,37,Fall,Fall,0.538,NA,CVP,2025-02-28
C250031CVP,2025-02-19 08:00,38,Fall,Fall,0.986,NA,CVP,2025-02-28
C250083SWP,2025-02-19 15:00,157,Winter,Fall,1,NA,SWP,2025-02-21
C250032CVP,2025-02-19 18:00,37,Fall,Fall,0.994,NA,CVP,2025-02-28
C250033CVP,2025-02-19 18:00,36,Fall,Fall,0.967,NA,CVP,2025-02-28
C250034CVP,2025-02-19 18:00,39,Fall,Fall,0.972,NA,CVP,2025-02-28
C250035CVP,2025-02-19 18:00,41,Fall,Fall,0.931,NA,CVP,2025-02-28
C250036CVP,2025-02-19 20:00,36,Fall,Fall,0.994,NA,CVP,2025-02-28
C250037CVP,2025-02-19 20:00,37,Fall,Fall,0.599,NA,CVP,2025-02-28
C250038CVP,2025-02-19 22:00,39,Fall,Fall,0.924,NA,CVP,2025-02-28
C250039CVP,2025-02-19 22:00,38,Fall,Fall,0.554,NA,CVP,2025-02-28
C250040CVP,2025-02-19 22:00,39,Fall,Fall,0.99,NA,CVP,2025-02-28
C250041CVP,2025-02-19 22:00,40,Fall,Fall,0.971,NA,CVP,2025-02-28
C250042CVP,2025-02-19 22:00,37,Fall,Fall,0.984,NA,CVP,2025-02-28
C250043CVP,2025-02-19 23:59,40,Fall,Fall,0.582,NA,CVP,2025-02-28
C250044CVP,2025-02-20 02:00,35,Fall,Fall,0.824,NA,CVP,2025-02-28
C250045CVP,2025-02-20 02:00,39,Fall,Fall,0.88,NA,CVP,2025-02-28
C250046CVP,2025-02-20 04:00,40,Fall,Fall,0.923,NA,CVP,2025-02-28
C250048CVP,2025-02-20 04:00,38,Fall,Fall,0.739,NA,CVP,2025-02-28
C250049CVP,2025-02-20 04:00,38,Fall,Fall,0.991,NA,CVP,2025-02-28
C250050CVP,2025-02-20 04:00,36,Fall,Fall,0.997,NA,CVP,2025-02-28
C250051CVP,2025-02-20 10:00,39,Fall,Fall,0.938,NA,CVP,2025-02-28
C250052CVP,2025-02-20 20:00,40,Fall,Fall,0.842,NA,CVP,2025-02-28
C250053CVP,2025-02-20 20:00,35,Fall,Fall,0.503,NA,CVP,2025-02-28
C250054CVP,2025-02-20 20:00,39,Fall,Fall,0.524,NA,CVP,2025-02-28
C250055CVP,2025-02-20 20:00,40,Fall,Fall,0.599,NA,CVP,2025-02-28
C250056CVP,2025-02-20 22:00,39,Fall,Fall,0.939,NA,CVP,2025-02-28
C250057CVP,2025-02-20 22:00,37,Fall,Fall,0.945,NA,CVP,2025-02-28
C250058CVP,2025-02-20 22:00,38,Fall,Fall,0.997,NA,CVP,2025-02-28
C250059CVP,2025-02-20 22:00,33,Fall,Fall,0.802,NA,CVP,2025-02-28
C250060CVP,2025-02-20 22:00,39,Fall,Fall,0.842,NA,CVP,2025-02-28
C250061CVP,2025-02-20 22:00,34,Fall,Fall,0.599,NA,CVP,2025-02-28
C250062CVP,2025-02-20 22:00,41,Fall,Fall,0.545,NA,CVP,2025-02-28
C250063CVP,2025-02-20 23:59,39,Fall,Fall,0.82,NA,CVP,2025-02-28
C250066CVP,2025-02-20 23:59,39,Fall,Fall,0.758,NA,CVP,2025-02-28
C250065CVP,2025-02-20 23:59,35,Fall,Fall,0.517,NA,CVP,2025-05-07
C250067CVP,2025-02-21 02:00,36,Fall,Fall,0.623,NA,CVP,2025-02-28
C250068CVP,2025-02-21 14:00,37,Fall,Fall,0.692,NA,CVP,2025-02-28
C250069CVP,2025-02-21 16:00,39,Fall,Fall,0.657,NA,CVP,2025-02-28
C250070CVP,2025-02-21 18:00,38,Fall,Fall,0.972,NA,CVP,2025-02-28
C250071CVP,2025-02-21 18:00,39,Fall,Fall,0.633,NA,CVP,2025-02-28
C250072CVP,2025-02-21 20:00,37,Fall,Fall,0.66,NA,CVP,2025-02-28
C250073CVP,2025-02-21 20:00,40,Fall,Fall,0.937,NA,CVP,2025-02-28
C250074CVP,2025-02-21 20:00,38,Fall,Fall,0.906,NA,CVP,2025-02-28
C250075CVP,2025-02-21 22:00,36,Fall,Fall,0.98,NA,CVP,2025-02-28
C250076CVP,2025-02-21 22:00,38,Fall,Fall,0.742,NA,CVP,2025-02-28
C250077CVP,2025-02-21 22:00,37,Fall,Fall,0.97,NA,CVP,2025-02-28
C250078CVP,2025-02-21 22:00,34,Fall,Fall,0.973,NA,CVP,2025-02-28
C250079CVP,2025-02-21 22:00,38,Fall,Fall,0.815,NA,CVP,2025-02-28
C250080CVP,2025-02-21 22:00,36,Fall,Fall,0.503,NA,CVP,2025-02-28
C250081CVP,2025-02-21 22:00,37,Fall,Fall,0.796,NA,CVP,2025-02-28
C250082CVP,2025-02-21 22:00,38,Fall,Fall,0.527,NA,CVP,2025-02-28
C250083CVP,2025-02-21 22:00,34,Fall,Fall,0.99,NA,CVP,2025-02-28
C250084CVP,2025-02-21 23:59,147,Winter,Fall,1,NA,CVP,2025-02-23
C250085CVP,2025-02-22 02:00,39,Fall,Fall,0.905,NA,CVP,2025-02-28
C250086CVP,2025-02-22 02:00,37,Fall,Fall,0.795,NA,CVP,2025-02-28
C250087CVP,2025-02-22 02:00,41,Fall,Fall,0.835,NA,CVP,2025-02-28
C250088CVP,2025-02-22 04:00,61,Spring,Fall,0.722,NA,CVP,2025-02-28
C250089CVP,2025-02-22 04:00,43,Fall,Fall,0.904,NA,CVP,2025-02-28
C250090CVP,2025-02-22 06:00,36,Fall,Fall,0.651,NA,CVP,2025-02-28
C250091CVP,2025-02-22 06:00,42,Fall,Fall,0.991,NA,CVP,2025-02-28
C250092CVP,2025-02-22 20:00,42,Fall,Fall,0.794,NA,CVP,2025-03-18
C250094CVP,2025-02-22 22:00,38,Fall,Fall,0.855,NA,CVP,2025-03-18
C250095CVP,2025-02-22 23:59,41,Fall,Fall,0.925,NA,CVP,2025-03-18
C250097CVP,2025-02-22 23:59,38,Fall,Fall,0.737,NA,CVP,2025-03-18
C250098CVP,2025-02-22 23:59,42,Fall,Fall,0.471,NA,CVP,2025-03-18
C250099CVP,2025-02-22 23:59,41,Fall,Fall,0.441,NA,CVP,2025-03-18
C250100CVP,2025-02-22 23:59,39,Fall,Fall,0.936,NA,CVP,2025-03-18
C250101CVP,2025-02-22 23:59,43,Fall,Fall,0.758,NA,CVP,2025-03-18
C250103CVP,2025-02-23 02:00,39,Fall,Fall,0.738,NA,CVP,2025-03-18
C250107CVP,2025-02-23 06:00,40,Fall,Fall,0.826,NA,CVP,2025-05-07
C250105CVP,2025-02-23 06:00,67,Spring,Fall,0.874,NA,CVP,2025-02-28
C250106CVP,2025-02-23 06:00,41,Fall,Fall,0.995,NA,CVP,2025-03-18
C250108CVP,2025-02-23 22:00,41,Fall,Fall,0.541,NA,CVP,2025-03-18
C250109CVP,2025-02-23 22:00,38,Fall,Fall,0.924,NA,CVP,2025-03-18
C250110CVP,2025-02-23 22:00,38,Fall,Fall,0.987,NA,CVP,2025-03-18
C250111CVP,2025-02-23 23:59,41,Fall,Fall,0.97,NA,CVP,2025-03-18
C250112CVP,2025-02-23 23:59,37,Fall,Fall,0.995,NA,CVP,2025-03-18
C250113CVP,2025-02-24 02:00,44,Fall,Fall,0.912,NA,CVP,2025-03-18
C250114CVP,2025-02-24 02:00,38,Fall,Fall,0.988,NA,CVP,2025-03-18
C250115CVP,2025-02-24 02:00,44,Fall,Fall,0.975,NA,CVP,2025-03-18
C250116CVP,2025-02-24 02:00,38,Fall,Fall,0.901,NA,CVP,2025-03-18
C250117CVP,2025-02-25 02:00,45,Fall,Fall,0.967,NA,CVP,2025-03-18
C250118CVP,2025-02-25 06:00,38,Fall,Fall,0.634,NA,CVP,2025-03-18
C250119CVP,2025-02-25 06:00,37,Fall,Fall,0.513,NA,CVP,2025-03-18
C250120CVP,2025-02-25 12:00,36,Fall,Fall,0.71,NA,CVP,2025-03-18
C250121CVP,2025-02-25 12:00,42,Fall,Fall,0.957,NA,CVP,2025-03-18
C250122CVP,2025-02-25 14:00,126,Winter,Winter,1,NA,CVP,2025-02-27
C250123CVP,2025-02-25 20:00,49,Fall,Fall,0.696,NA,CVP,2025-03-18
C250124CVP,2025-02-25 22:00,69,Spring,Spring,0.902,Feather River,CVP,2025-02-28
C250125CVP,2025-02-25 22:00,63,Spring,Fall,0.553,NA,CVP,2025-02-28
C250126CVP,2025-02-25 22:00,47,Fall,Fall,0.741,NA,CVP,2025-03-18
C250128CVP,2025-02-25 22:00,39,Fall,Fall,0.977,NA,CVP,2025-03-18
C250127CVP,2025-02-25 22:00,48,Fall,Spring,0.861,Feather River,CVP,2025-05-07
C250131CVP,2025-02-26 20:00,45,Fall,Fall,0.821,NA,CVP,2025-03-18
C250132CVP,2025-02-26 20:00,41,Fall,Fall,0.49,NA,CVP,2025-03-18
C250133CVP,2025-02-27 04:00,40,Fall,Fall,0.523,NA,CVP,2025-03-18
C250134CVP,2025-02-27 04:00,42,Fall,Fall,0.786,NA,CVP,2025-03-18
C250136CVP,2025-02-27 16:00,44,Fall,Fall,0.985,NA,CVP,2025-03-18
C250137CVP,2025-02-27 20:00,49,Fall,Fall,0.542,NA,CVP,2025-03-18
C250138CVP,2025-02-27 22:00,44,Fall,Fall,0.775,NA,CVP,2025-03-18
C250139CVP,2025-02-27 22:00,41,Fall,Fall,0.626,NA,CVP,2025-03-18
C250140CVP,2025-02-28 06:00,45,Fall,Fall,0.533,NA,CVP,2025-03-18
C250141CVP,2025-02-28 06:00,43,Fall,Fall,0.559,NA,CVP,2025-03-18
C250142CVP,2025-03-02 23:59,131,Winter,Fall,1,NA,CVP,2025-03-04
C250163CVP,2025-03-04 20:00,67,Spring,Fall,0.998,NA,CVP,2025-03-18
C250164CVP,2025-03-04 22:00,55,Fall,Fall,0.959,NA,CVP,2025-03-18
C250165CVP,2025-03-04 22:00,75,Spring,Fall,0.696,NA,CVP,2025-03-18
C250166CVP,2025-03-05 20:00,72,Spring,Fall,0.999,NA,CVP,2025-03-07
C250167CVP,2025-03-05 22:00,103,Winter,Winter,1,NA,CVP,2025-03-07
C250168CVP,2025-03-06 10:00,47,Fall,Fall,0.579,NA,CVP,2025-03-26
C250169CVP,2025-03-07 10:00,41,Fall,Fall,0.67,NA,CVP,2025-03-26
C250170CVP,2025-03-07 20:00,42,Fall,Fall,0.799,NA,CVP,2025-03-26
C250171CVP,2025-03-07 20:00,41,Fall,Fall,0.803,NA,CVP,2025-03-26
C250173CVP,2025-03-08 02:00,59,Fall,Fall,0.611,NA,CVP,2025-03-26
C250174CVP,2025-03-08 04:00,48,Fall,Fall,0.846,NA,CVP,2025-03-26
C250175CVP,2025-03-08 04:00,62,Fall,Fall,0.867,NA,CVP,2025-03-26
C250176CVP,2025-03-08 16:00,97,Spring,Spring,0.995,Feather River,CVP,2025-03-10
C250178CVP,2025-03-08 20:00,125,Winter,Winter,1,NA,CVP,2025-03-12
C250179CVP,2025-03-09 06:00,57,Fall,Fall,0.994,NA,CVP,2025-03-26
C250180CVP,2025-03-09 06:00,60,Fall,Fall,0.983,NA,CVP,2025-03-26
C250181CVP,2025-03-09 08:00,59,Fall,Spring,0.955,Feather River,CVP,2025-03-26
C250182CVP,2025-03-09 14:00,53,Fall,Fall,0.95,NA,CVP,2025-03-26
C250185CVP,2025-03-09 20:00,73,Spring,Spring,0.428,Feather River,CVP,2025-03-18
C250183CVP,2025-03-09 20:00,52,Fall,Fall,0.477,NA,CVP,2025-03-26
C250184CVP,2025-03-09 20:00,50,Fall,Fall,0.893,NA,CVP,2025-03-26
C250186CVP,2025-03-09 22:00,43,Fall,Fall,0.8,NA,CVP,2025-03-26
C250187CVP,2025-03-09 22:00,46,Fall,Fall,0.415,NA,CVP,2025-03-26
C250188CVP,2025-03-09 23:59,49,Fall,Fall,0.97,NA,CVP,2025-03-26
C250189CVP,2025-03-10 02:00,103,Winter,Spring,0.756,Feather River,CVP,2025-03-12
C250190CVP,2025-03-10 04:00,46,Fall,Fall,0.923,NA,CVP,2025-03-26
C250191CVP,2025-03-10 04:00,52,Fall,Fall,0.505,NA,CVP,2025-03-26
C250192CVP,2025-03-10 06:00,84,Spring,Fall,0.693,NA,CVP,2025-03-18
C250193CVP,2025-03-10 20:00,41,Fall,Fall,0.626,NA,CVP,2025-03-26
C250194CVP,2025-03-10 22:00,41,Fall,Fall,0.997,NA,CVP,2025-03-26
C250195CVP,2025-03-10 23:59,108,Winter,Spring,0.888,Feather River,CVP,2025-03-12
C250197CVP,2025-03-11 06:00,45,Fall,Fall,0.607,NA,CVP,2025-03-26
C250198CVP,2025-03-11 08:00,47,Fall,Fall,0.622,NA,CVP,2025-03-26
C250199CVP,2025-03-12 08:00,43,Fall,Fall,0.667,NA,CVP,2025-03-26
C250200CVP,2025-03-12 20:00,47,Fall,Fall,0.861,NA,CVP,2025-03-26
C250201CVP,2025-03-12 22:00,65,Spring,Fall,0.957,NA,CVP,2025-03-18
C250202CVP,2025-03-12 22:00,59,Fall,Fall,0.994,NA,CVP,2025-03-26
C250203CVP,2025-03-13 08:00,123,Winter,Spring,1,Mill/Deer Creek Spring,CVP,2025-03-16
C250204CVP,2025-03-13 10:00,111,Winter,Spring,1,Feather River,CVP,2025-03-15
C250205CVP,2025-03-13 16:00,59,Fall,Fall,0.709,NA,CVP,2025-03-26
C250207CVP,2025-03-13 20:00,55,Fall,Fall,0.503,NA,CVP,2025-03-26
C250208CVP,2025-03-14 14:00,44,Fall,Fall,0.947,NA,CVP,2025-03-26
C250209CVP,2025-03-14 14:00,47,Fall,Fall,0.465,NA,CVP,2025-03-26
C250210CVP,2025-03-14 16:00,46,Fall,Fall,0.998,NA,CVP,2025-03-26
C250211CVP,2025-03-14 20:00,134,Winter,Fall,0.709,NA,CVP,2025-03-16
C250212CVP,2025-03-14 22:00,65,Spring,Fall,0.45,NA,CVP,2025-03-18
C250213CVP,2025-03-15 18:00,56,Fall,Fall,0.932,NA,CVP,2025-03-26
C250214CVP,2025-03-16 06:00,126,Winter,Winter,1,NA,CVP,2025-03-17
C250215CVP,2025-03-16 08:00,52,Fall,Spring,0.88,Feather River,CVP,2025-03-26
C250216CVP,2025-03-16 16:00,58,Fall,Fall,0.921,NA,CVP,2025-03-26
C250217CVP,2025-03-16 20:00,127,Winter,Winter,1,NA,CVP,2025-03-18
C250218CVP,2025-03-16 20:00,136,Winter,Winter,1,NA,CVP,2025-03-18
C250219CVP,2025-03-16 22:00,67,Spring,Fall,0.988,NA,CVP,2025-03-19
C250221CVP,2025-03-17 16:00,132,Winter,Fall,0.986,NA,CVP,2025-03-19
C250222CVP,2025-03-17 18:00,115,Winter,Winter,1,NA,CVP,2025-03-19
C250223CVP,2025-03-17 18:00,116,Winter,Fall,0.735,NA,CVP,2025-03-19
C250224CVP,2025-03-17 22:00,48,Fall,Fall,0.977,NA,CVP,2025-03-26
C250225CVP,2025-03-17 22:00,63,Fall,Fall,0.979,NA,CVP,2025-03-26
C250226CVP,2025-03-17 23:59,44,Fall,Fall,0.796,NA,CVP,2025-03-26
C250244SWP,2025-03-18 11:00,111,Winter,Spring,1,Feather River,SWP,2025-04-02
C250227CVP,2025-03-18 18:00,204,Winter,Fall,1,NA,CVP,2025-03-21
C250228CVP,2025-03-18 20:00,102,Spring,Spring,0.57,Feather River,CVP,2025-03-26
C250229CVP,2025-03-18 22:00,84,Spring,Spring,0.507,Feather River,CVP,2025-03-26
C250230CVP,2025-03-19 02:00,154,Winter,Fall,0.984,NA,CVP,2025-03-20
C250231CVP,2025-03-19 08:00,109,Winter,Winter,1,NA,CVP,2025-03-20
C250245SWP,2025-03-19 09:00,103,Spring,Spring,0.785,Feather River,SWP,2025-03-26
C250232CVPa,2025-03-19 10:00,76,Spring,Fall,0.871,NA,CVP,2025-03-26
C250246SWP,2025-03-19 11:00,109,Winter,Fall,0.98,NA,SWP,2025-03-20
C250233CVP,2025-03-19 14:00,58,Fall,Fall,0.995,NA,CVP,2025-04-14
C250247SWP,2025-03-19 16:00,60,Fall,Spring,0.373,Feather River,SWP,2025-04-14
C250234CVP,2025-03-19 18:00,52,Fall,Fall,0.989,NA,CVP,2025-04-14
C250235CVP,2025-03-19 20:00,71,Spring,Fall,0.964,NA,CVP,2025-04-14
C250237CVP,2025-03-19 20:00,48,Fall,Fall,0.929,NA,CVP,2025-04-14
C250236CVP,2025-03-19 20:00,87,Spring,Fall,0.798,NA,CVP,2025-04-14
C250238CVP,2025-03-19 22:00,51,Fall,Fall,0.923,NA,CVP,2025-04-14
C250248SWP,2025-03-20 07:00,65,Fall,Fall,0.659,NA,SWP,2025-04-14
C250249SWP,2025-03-20 08:00,82,Spring,Fall,0.865,NA,SWP,2025-04-14
C250239CVP,2025-03-20 16:00,117,Winter,Spring,0.998,Feather River,CVP,2025-03-23
C250240CVP,2025-03-20 22:00,51,Fall,Fall,0.775,NA,CVP,2025-04-14
C250241CVP,2025-03-20 22:00,58,Fall,Fall,0.444,NA,CVP,2025-04-14
C250242CVP,2025-03-21 14:00,52,Fall,Fall,0.719,NA,CVP,2025-04-14
C250244CVP,2025-03-21 20:00,65,Fall,Fall,0.99,NA,CVP,2025-04-14
C250243CVP,2025-03-21 20:00,59,Fall,Fall,0.827,NA,CVP,2025-04-14
C250245CVP,2025-03-22 02:00,120,Winter,Spring,1,Feather River,CVP,2025-03-24
C250246CVP,2025-03-22 06:00,90,Spring,Spring,0.814,Feather River,CVP,2025-04-14
C250247CVP,2025-03-22 20:00,110,Spring,Fall,0.45,NA,CVP,2025-04-14
C250248CVP,2025-03-22 23:59,59,Fall,Fall,0.918,NA,CVP,2025-04-14
C250250CVP,2025-03-23 04:00,55,Fall,Fall,0.93,NA,CVP,2025-04-14
C250251CVP,2025-03-23 04:00,52,Fall,Fall,0.405,NA,CVP,2025-04-14
C250249CVP,2025-03-23 04:00,133,Winter,Fall,0.999,NA,CVP,2025-03-24
C250250SWP,2025-03-23 05:00,105,Spring,Fall,0.93,NA,SWP,2025-04-14
C250252CVP,2025-03-23 06:00,58,Fall,Fall,0.853,NA,CVP,2025-04-14
C250253CVP,2025-03-23 06:00,68,Fall,Spring,0.555,Feather River,CVP,2025-04-14
C250254CVP,2025-03-23 23:59,89,Spring,Fall,0.868,NA,CVP,2025-04-14
C250255CVP,2025-03-24 02:00,57,Fall,Fall,0.916,NA,CVP,2025-04-14
C250256CVP,2025-03-24 04:00,64,Fall,Fall,0.588,NA,CVP,2025-04-14
C250257CVP,2025-03-24 06:00,82,Spring,Fall,0.973,NA,CVP,2025-04-14
C250258CVP,2025-03-24 08:00,114,Winter,Winter,1,NA,CVP,2025-03-26
C250259CVP,2025-03-24 12:00,66,Fall,Fall,0.758,NA,CVP,2025-04-14
C250261CVP,2025-03-24 20:00,105,Spring,Fall,0.934,NA,CVP,2025-04-14
C250260CVP,2025-03-24 20:00,64,Fall,Fall,0.639,NA,CVP,2025-04-14
C250262CVP,2025-03-24 22:00,97,Spring,Fall,0.581,NA,CVP,2025-04-14
C250263CVP,2025-03-24 23:59,90,Spring,Fall,0.989,NA,CVP,2025-04-14
C250264CVP,2025-03-24 23:59,101,Spring,Spring,0.93,Feather River,CVP,2025-04-14
C250265CVP,2025-03-25 12:00,86,Spring,Spring,0.961,Feather River,CVP,2025-04-14
C250266CVP,2025-03-25 20:00,84,Spring,Fall,0.872,NA,CVP,2025-04-14
C250267CVP,2025-03-25 23:59,97,Spring,Fall,0.792,NA,CVP,2025-04-14
C250268CVP,2025-03-26 04:00,83,Spring,Fall,0.999,NA,CVP,2025-04-14
C250269CVP,2025-03-26 04:00,85,Spring,Fall,0.558,NA,CVP,2025-04-14
C250270CVP,2025-03-27 02:00,100,Spring,Fall,0.495,NA,CVP,2025-04-14
C250275CVP,2025-03-27 04:00,100,Spring,Fall,0.974,NA,CVP,2025-04-14
C250274CVP,2025-03-27 04:00,60,Fall,Fall,0.846,NA,CVP,2025-04-14
C250271CVP,2025-03-27 04:00,104,Spring,Fall,0.763,NA,CVP,2025-04-14
C250273CVP,2025-03-27 04:00,61,Fall,Fall,0.743,NA,CVP,2025-04-14
C250272CVP,2025-03-27 04:00,103,Spring,Spring,0.463,Feather River,CVP,2025-04-14
C250276CVP,2025-03-27 06:00,86,Spring,Fall,0.952,NA,CVP,2025-04-14
C250163SWP,2025-03-27 16:30,96,Spring,Fall,0.979,NA,SWP,2025-04-14
C250277CVP,2025-03-27 22:00,95,Spring,Fall,0.795,NA,CVP,2025-04-14
C250325CVP,2025-03-28 20:00,102,Spring,Fall,0.713,NA,CVP,2025-04-14
C250326CVP,2025-03-29 06:00,105,Spring,Fall,0.627,NA,CVP,2025-04-14
C250328CVP,2025-03-29 16:00,100,Spring,Spring,0.999,Feather River,CVP,2025-04-14
C250327CVP,2025-03-29 16:00,109,Spring,Spring,0.702,Feather River,CVP,2025-04-14
C250329CVPa,2025-03-30 10:00,86,Spring,Fall,0.513,NA,CVP,2025-04-14
C250330CVP,2025-03-31 04:00,90,Spring,Fall,0.542,NA,CVP,2025-04-14
C250325SWP,2025-03-31 09:00,79,Spring,Fall,0.848,NA,SWP,2025-04-14
C250326SWP,2025-03-31 11:00,81,Spring,Fall,0.8,NA,SWP,2025-04-14
C250331CVP,2025-03-31 18:00,82,Spring,Fall,0.991,NA,CVP,2025-04-14
C250332CVP,2025-03-31 18:00,86,Spring,Fall,0.959,NA,CVP,2025-04-14
C250333CVP,2025-04-01 06:00,84,Spring,Fall,0.6,NA,CVP,2025-04-14
C250327SWP,2025-04-01 16:00,83,Spring,Fall,0.526,NA,SWP,2025-04-14
C250335CVP,2025-04-01 20:00,96,Spring,Fall,0.772,NA,CVP,2025-04-14
C250334CVP,2025-04-01 20:00,82,Spring,Fall,0.672,NA,CVP,2025-04-14
C250337CVP,2025-04-02 04:00,78,Spring,Fall,0.787,NA,CVP,2025-05-07
C250336CVP,2025-04-02 08:00,89,Spring,Fall,0.996,NA,CVP,2025-04-14
C250339CVP,2025-04-02 22:00,82,Spring,Fall,0.767,NA,CVP,2025-04-14
C250340CVP,2025-04-02 23:59,87,Spring,Spring,0.974,Feather River,CVP,2025-04-14
C250341CVP,2025-04-03 02:00,61,Fall,Fall,0.986,NA,CVP,2025-04-14
C250342CVP,2025-04-03 04:00,82,Spring,Spring,0.806,Feather River,CVP,2025-04-14
C250328SWP,2025-04-03 11:00,93,Spring,Fall,0.641,NA,SWP,2025-04-14
C250329SWP,2025-04-03 23:59,95,Spring,Fall,0.75,NA,SWP,2025-04-14
C250343CVP,2025-04-04 04:00,70,Fall,Fall,0.922,NA,CVP,2025-04-14
C250344CVP,2025-04-04 04:00,83,Spring,Fall,0.478,NA,CVP,2025-04-14
C250330SWP,2025-04-04 09:00,93,Spring,Fall,0.493,NA,SWP,2025-04-14
C250333SWP,2025-04-04 11:00,111,Spring,Spring,0.725,Feather River,SWP,2025-04-14
C250331SWP,2025-04-04 11:00,85,Spring,Fall,0.703,NA,SWP,2025-04-14
C250332SWP,2025-04-04 11:00,90,Spring,Spring,0.615,Feather River,SWP,2025-04-14
C250345CVP,2025-04-04 14:00,91,Spring,Fall,0.961,NA,CVP,2025-04-14
C250334SWP,2025-04-04 18:30,83,Spring,Fall,0.979,NA,SWP,2025-04-14
C250346CVP,2025-04-05 02:00,89,Spring,Spring,0.598,Feather River,CVP,2025-04-14
C250348CVP,2025-04-05 04:00,66,Fall,Fall,0.922,NA,CVP,2025-04-14
C250347CVP,2025-04-05 04:00,86,Spring,Fall,0.69,NA,CVP,2025-04-14
C250335SWP,2025-04-05 09:00,86,Spring,Fall,0.56,NA,SWP,2025-04-14
C250336SWP,2025-04-05 09:00,102,Spring,Spring,0.554,Feather River,SWP,2025-04-14
C250337SWP,2025-04-05 11:00,91,Spring,Fall,0.62,NA,SWP,2025-04-14
C259001SWP,2025-04-05 13:00,94,Spring,Fall,0.768,NA,SWP,2025-04-14
C250339SWP,2025-04-05 15:00,93,Spring,Spring,0.787,Feather River,SWP,2025-04-14
C250338SWP,2025-04-05 15:00,92,Spring,Spring,0.402,Feather River,SWP,2025-04-14
C250340SWP,2025-04-05 17:00,91,Spring,Fall,0.692,NA,SWP,2025-04-14
C250349CVP,2025-04-05 22:00,84,Spring,Fall,0.97,NA,CVP,2025-04-14
C250350CVP,2025-04-05 22:00,76,Spring,Fall,0.48,NA,CVP,2025-04-14
C250351CVP,2025-04-05 23:59,69,Fall,Fall,0.94,NA,CVP,2025-04-14
C250352CVP,2025-04-05 23:59,82,Spring,Fall,0.8,NA,CVP,2025-04-14
C250353CVP,2025-04-06 02:00,78,Spring,Fall,0.941,NA,CVP,2025-04-14
C250354CVP,2025-04-06 06:00,96,Spring,Spring,0.785,Feather River,CVP,2025-04-14
C250341SWP,2025-04-06 09:00,128,Winter,Spring,1,Feather River,SWP,2025-04-08
C250342SWP,2025-04-06 09:00,98,Spring,Fall,0.557,NA,SWP,2025-04-14
C250343SWP,2025-04-06 11:00,106,Spring,Spring,0.805,Feather River,SWP,2025-04-14
C250344SWP,2025-04-06 13:00,98,Spring,Fall,0.512,NA,SWP,2025-04-14
C250356CVP,2025-04-06 14:00,74,Fall,Fall,0.971,NA,CVP,2025-04-14
C250355CVP,2025-04-06 14:00,88,Spring,Fall,0.915,NA,CVP,2025-04-14
C250345SWP,2025-04-06 15:00,88,Spring,Spring,0.829,Feather River,SWP,2025-04-14
C250346SWP,2025-04-06 17:00,87,Spring,Fall,0.492,NA,SWP,2025-04-14
C250347SWP,2025-04-06 20:30,85,Spring,Spring,0.634,Feather River,SWP,2025-04-14
C250357CVP,2025-04-06 22:00,49,Fall,Fall,0.992,NA,CVP,2025-04-14
C250358CVP,2025-04-06 23:59,74,Fall,Fall,0.789,NA,CVP,2025-04-14
C250359CVP,2025-04-07 02:00,71,Fall,Fall,0.985,NA,CVP,2025-04-14
C250360CVP,2025-04-07 02:00,77,Spring,Fall,0.593,NA,CVP,2025-04-14
C250361CVP,2025-04-07 04:00,88,Spring,Fall,0.94,NA,CVP,2025-04-14
C250362CVP,2025-04-07 04:00,86,Spring,Fall,0.757,NA,CVP,2025-04-14
C250363CVP,2025-04-07 06:00,210,Winter,Fall,1,NA,CVP,2025-04-08
C250366CVP,2025-04-07 06:00,87,Spring,Spring,0.957,Feather River,CVP,2025-04-14
C250364CVP,2025-04-07 06:00,74,Fall,Fall,0.853,NA,CVP,2025-04-14
C250367CVP,2025-04-07 06:00,97,Spring,Fall,0.849,NA,CVP,2025-04-14
C250365CVP,2025-04-07 06:00,84,Spring,Fall,0.83,NA,CVP,2025-04-14
C250348SWP,2025-04-07 09:00,91,Spring,Spring,0.901,Feather River,SWP,2025-04-14
C250368CVP,2025-04-07 12:00,114,Spring,Fall,0.991,NA,CVP,2025-04-24
C250350SWP,2025-04-07 13:00,84,Spring,Fall,0.9,NA,SWP,2025-04-24
C250349SWP,2025-04-07 13:00,95,Spring,Fall,0.823,NA,SWP,2025-04-24
C250351SWP,2025-04-07 13:00,91,Spring,Spring,0.677,Feather River,SWP,2025-04-24
C250352SWP,2025-04-07 18:00,89,Spring,Fall,0.511,NA,SWP,2025-04-24
C250353SWP,2025-04-07 19:00,91,Spring,Spring,0.98,Feather River,SWP,2025-04-24
C250369CVP,2025-04-07 22:00,73,Fall,Fall,0.798,NA,CVP,2025-04-24
C250354SWP,2025-04-08 03:00,94,Spring,Spring,0.449,Feather River,SWP,2025-04-24
C250370CVP,2025-04-08 10:00,85,Spring,Fall,0.628,NA,CVP,2025-04-24
C250372CVP,2025-04-08 16:00,86,Spring,Fall,0.813,NA,CVP,2025-04-24
C250374CVP,2025-04-08 23:59,98,Spring,Spring,0.633,Feather River,CVP,2025-04-24
C250375CVP,2025-04-09 02:00,57,Fall,Fall,0.897,NA,CVP,2025-04-24
C250376CVP,2025-04-09 02:00,72,Fall,Fall,0.824,NA,CVP,2025-04-24
C250378CVP,2025-04-09 04:00,65,Fall,Fall,0.991,NA,CVP,2025-04-24
C250377CVP,2025-04-09 04:00,85,Spring,Fall,0.71,NA,CVP,2025-04-24
C250379CVP,2025-04-09 04:00,93,Spring,Fall,0.388,NA,CVP,2025-04-24
C250380CVP,2025-04-09 14:00,82,Spring,Spring,0.97,Feather River,CVP,2025-04-24
C250355SWP,2025-04-09 19:00,75,Fall,Fall,0.646,NA,SWP,2025-04-24
C250381CVP,2025-04-09 22:00,101,Spring,Fall,0.618,NA,CVP,2025-04-24
C250382CVP,2025-04-10 04:00,83,Spring,Fall,0.942,NA,CVP,2025-04-24
C250383CVP,2025-04-10 04:00,87,Spring,Fall,0.941,NA,CVP,2025-04-24
C250384CVP,2025-04-10 04:00,92,Spring,Spring,0.887,Feather River,CVP,2025-04-24
C250387CVP,2025-04-11 04:00,72,Fall,Fall,0.973,NA,CVP,2025-04-24
C250386CVP,2025-04-11 04:00,77,Fall,Fall,0.474,NA,CVP,2025-04-24
C250388CVP,2025-04-11 06:00,87,Spring,Fall,0.537,NA,CVP,2025-04-24
C250389CVP,2025-04-11 14:00,72,Fall,Fall,0.611,NA,CVP,2025-04-24
C250356SWP,2025-04-11 15:00,89,Spring,Spring,1,Feather River,SWP,2025-04-24
C250357SWP,2025-04-11 16:30,99,Spring,Spring,0.795,Feather River,SWP,2025-04-24
C250390CVP,2025-04-12 04:00,84,Spring,Fall,0.753,NA,CVP,2025-04-24
C250391CVP,2025-04-12 14:00,87,Spring,Spring,0.912,Feather River,CVP,2025-04-24
C250392CVP,2025-04-12 16:00,96,Spring,Fall,0.593,NA,CVP,2025-04-24
C250393CVP,2025-04-13 02:00,85,Spring,Fall,0.67,NA,CVP,2025-04-24
C250394CVP,2025-04-13 04:00,93,Spring,Fall,0.789,NA,CVP,2025-04-24
C250395CVP,2025-04-13 04:00,75,Fall,Fall,0.578,NA,CVP,2025-04-24
C250396CVP,2025-04-13 04:00,83,Spring,Fall,0.549,NA,CVP,2025-04-24
C250358SWP,2025-04-13 13:00,72,Fall,Fall,0.966,NA,SWP,2025-04-24
C250397CVP,2025-04-13 14:00,72,Fall,Fall,0.824,NA,CVP,2025-04-24
C250359SWP,2025-04-13 18:00,88,Spring,Fall,0.638,NA,SWP,2025-04-24
C250398CVP,2025-04-13 20:00,77,Fall,Fall,0.722,NA,CVP,2025-04-24
C250399CVP,2025-04-13 22:00,80,Spring,Fall,0.847,NA,CVP,2025-04-24
C250400CVP,2025-04-13 22:00,84,Spring,Fall,0.79,NA,CVP,2025-04-24
C250401CVP,2025-04-14 12:00,81,Spring,Fall,0.886,NA,CVP,2025-04-24
C250402CVP,2025-04-14 12:00,90,Spring,Fall,0.676,NA,CVP,2025-04-24
C250361SWP,2025-04-14 13:00,77,Fall,Fall,0.976,NA,SWP,2025-04-24
C250360SWP,2025-04-14 13:00,101,Spring,Fall,0.817,NA,SWP,2025-04-24
C250362SWP,2025-04-14 16:30,99,Spring,Fall,0.941,NA,SWP,2025-04-24
C250364SWP,2025-04-14 16:30,77,Fall,Fall,0.753,NA,SWP,2025-04-24
C250363SWP,2025-04-14 16:30,80,Spring,Fall,0.704,NA,SWP,2025-04-24
C250403CVP,2025-04-14 18:00,80,Spring,Fall,0.98,NA,CVP,2025-04-24
C250405CVP,2025-04-14 22:00,90,Spring,Fall,0.995,NA,CVP,2025-04-24
C250404CVP,2025-04-14 22:00,66,Fall,Fall,0.939,NA,CVP,2025-04-24
C250406CVP,2025-04-14 23:59,81,Spring,Fall,0.47,NA,CVP,2025-04-24
C250408CVP,2025-04-15 04:00,80,Spring,Fall,0.979,NA,CVP,2025-04-24
C250407CVP,2025-04-15 04:00,73,Fall,Fall,0.968,NA,CVP,2025-04-24
C250410CVP,2025-04-15 04:00,71,Fall,Fall,0.812,NA,CVP,2025-04-24
C250409CVP,2025-04-15 04:00,75,Fall,Fall,0.807,NA,CVP,2025-04-24
C250411CVP,2025-04-15 04:00,70,Fall,Fall,0.764,NA,CVP,2025-04-24
C250406SWP,2025-04-15 15:00,82,Spring,Fall,0.689,NA,SWP,2025-04-28
C250413CVP,2025-04-15 18:00,76,Fall,Fall,0.813,NA,CVP,2025-04-28
C250414CVP,2025-04-15 18:00,78,Fall,Fall,0.608,NA,CVP,2025-04-28
C250407SWP,2025-04-15 18:00,77,Fall,Fall,0.536,NA,SWP,2025-04-28
C250412CVP,2025-04-15 18:00,85,Spring,Fall,0.348,NA,CVP,2025-04-28
C250415CVP,2025-04-15 20:00,92,Spring,Fall,0.95,NA,CVP,2025-04-28
C250417CVP,2025-04-15 20:00,76,Fall,Fall,0.92,NA,CVP,2025-04-28
C250416CVP,2025-04-15 20:00,80,Spring,Fall,0.481,NA,CVP,2025-04-28
C250419CVP,2025-04-15 22:00,62,Fall,Fall,0.679,NA,CVP,2025-04-28
C250418CVP,2025-04-15 22:00,79,Fall,Fall,0.658,NA,CVP,2025-04-28
C250420CVP,2025-04-15 23:59,85,Spring,Fall,0.546,NA,CVP,2025-04-28
C250421CVP,2025-04-16 06:00,85,Spring,Fall,0.988,NA,CVP,2025-04-28
C250408SWPa,2025-04-16 11:00,73,Fall,Fall,0.84,NA,SWP,2025-04-28
C250409SWP,2025-04-16 16:30,78,Fall,Fall,0.974,NA,SWP,2025-04-28
C250422CVP,2025-04-16 20:00,83,Spring,Fall,0.74,NA,CVP,2025-04-28
C250425CVP,2025-04-16 20:00,82,Spring,Fall,0.5,NA,CVP,2025-04-28
C250423CVP,2025-04-16 20:00,77,Fall,Fall,0.474,NA,CVP,2025-04-28
C250424CVP,2025-04-16 20:00,82,Spring,Fall,0.445,NA,CVP,2025-04-28
C250428CVP,2025-04-16 22:00,81,Spring,Fall,0.992,NA,CVP,2025-04-28
C250426CVP,2025-04-16 22:00,83,Spring,Fall,0.812,NA,CVP,2025-04-28
C250427CVP,2025-04-16 22:00,83,Spring,Fall,0.81,NA,CVP,2025-04-28
C250429CVP,2025-04-17 04:00,89,Spring,Fall,0.641,NA,CVP,2025-04-28
C250430CVP,2025-04-17 04:00,90,Spring,Spring,0.414,Feather River,CVP,2025-04-28
C250431CVP,2025-04-17 06:00,70,Fall,Fall,0.965,NA,CVP,2025-04-28
C250365SWP,2025-04-17 15:00,86,Spring,Fall,0.579,NA,SWP,2025-04-28
C250432CVP,2025-04-17 16:00,79,Fall,Fall,0.914,NA,CVP,2025-04-28
C250433CVP,2025-04-17 16:00,84,Spring,Fall,0.65,NA,CVP,2025-04-28
C250369SWP,2025-04-17 16:30,82,Spring,Fall,0.97,NA,SWP,2025-04-28
C250374SWP,2025-04-17 16:30,81,Fall,Fall,0.936,NA,SWP,2025-04-28
C250368SWP,2025-04-17 16:30,97,Spring,Fall,0.833,NA,SWP,2025-04-28
C250375SWP,2025-04-17 16:30,89,Spring,Fall,0.797,NA,SWP,2025-04-28
C250373SWP,2025-04-17 16:30,75,Fall,Fall,0.796,NA,SWP,2025-04-28
C250371SWP,2025-04-17 16:30,103,Spring,Spring,0.759,Feather River,SWP,2025-04-28
C250367SWP,2025-04-17 16:30,92,Spring,Fall,0.747,NA,SWP,2025-04-28
C250372SWP,2025-04-17 16:30,93,Spring,Fall,0.693,NA,SWP,2025-04-28
C250366SWP,2025-04-17 16:30,75,Fall,Fall,0.662,NA,SWP,2025-04-28
C250370SWP,2025-04-17 16:30,103,Spring,Fall,0.435,NA,SWP,2025-04-28
C250434CVP,2025-04-17 22:00,78,Fall,Fall,0.948,NA,CVP,2025-04-28
C250378SWP,2025-04-18 15:30,86,Spring,Fall,0.998,NA,SWP,2025-04-28
C250376SWP,2025-04-18 15:30,103,Spring,Fall,0.968,NA,SWP,2025-04-28
C250379SWP,2025-04-18 15:30,83,Spring,Fall,0.939,NA,SWP,2025-04-28
C250377SWP,2025-04-18 15:30,102,Spring,Fall,0.668,NA,SWP,2025-04-28
C250380SWP,2025-04-18 15:30,78,Fall,Fall,0.545,NA,SWP,2025-04-28
C250435CVP,2025-04-18 22:00,93,Spring,Fall,0.991,NA,CVP,2025-04-28
C250436CVP,2025-04-19 02:00,76,Fall,Fall,0.996,NA,CVP,2025-04-28
C250437CVP,2025-04-19 12:00,81,Fall,Fall,0.921,NA,CVP,2025-04-28
C250381SWP,2025-04-19 15:30,102,Spring,Fall,0.986,NA,SWP,2025-04-28
C250382SWP,2025-04-19 15:30,94,Spring,Fall,0.65,NA,SWP,2025-04-28
C250438CVP,2025-04-20 04:00,100,Spring,Fall,0.565,NA,CVP,2025-04-28
C250443CVP,2025-04-20 23:59,83,Spring,Fall,1,NA,CVP,2025-04-28
C250440CVP,2025-04-20 23:59,81,Fall,Fall,0.987,NA,CVP,2025-04-28
C250441CVP,2025-04-20 23:59,78,Fall,Fall,0.964,NA,CVP,2025-04-28
C250444CVP,2025-04-20 23:59,89,Spring,Fall,0.953,NA,CVP,2025-04-28
C250442CVP,2025-04-20 23:59,85,Spring,Fall,0.926,NA,CVP,2025-04-28
C250439CVP,2025-04-20 23:59,79,Fall,Fall,0.822,NA,CVP,2025-04-28
C250383SWP,2025-04-21 16:30,76,Fall,Fall,0.997,NA,SWP,2025-05-07
C250385SWP,2025-04-21 16:30,104,Spring,Fall,0.622,NA,SWP,2025-05-07
C250384SWP,2025-04-21 16:30,79,Fall,Fall,0.515,NA,SWP,2025-05-07
C250445CVP,2025-04-21 22:00,86,Spring,Fall,0.46,NA,CVP,2025-05-07
C250446CVP,2025-04-22 02:00,71,Fall,Fall,0.931,NA,CVP,2025-05-07
C250447CVP,2025-04-22 02:00,81,Fall,Fall,0.603,NA,CVP,2025-05-07
C250448CVP,2025-04-22 02:00,84,Spring,Fall,0.544,NA,CVP,2025-05-07
C250452CVP,2025-04-22 04:00,84,Spring,Fall,0.876,NA,CVP,2025-05-07
C250450CVP,2025-04-22 04:00,82,Fall,Fall,0.862,NA,CVP,2025-05-07
C250449CVP,2025-04-22 04:00,77,Fall,Fall,0.629,NA,CVP,2025-05-07
C250451CVP,2025-04-22 04:00,80,Fall,Fall,0.447,NA,CVP,2025-05-07
C250453CVP,2025-04-22 06:00,71,Fall,Fall,0.824,NA,CVP,2025-05-07
C250389SWP,2025-04-22 16:30,83,Fall,Fall,0.952,NA,SWP,2025-05-07
C250386SWP,2025-04-22 16:30,84,Spring,Fall,0.895,NA,SWP,2025-05-07
C250388SWP,2025-04-22 16:30,83,Fall,Fall,0.647,NA,SWP,2025-05-07
C250387SWP,2025-04-22 16:30,81,Fall,Fall,0.521,NA,SWP,2025-05-07
C250454CVP,2025-04-22 22:00,76,Fall,Fall,0.739,NA,CVP,2025-05-07
C250455CVP,2025-04-22 22:00,84,Spring,Fall,0.526,NA,CVP,2025-05-07
C250456CVP,2025-04-22 23:59,85,Spring,Fall,0.552,NA,CVP,2025-05-07
C250457CVP,2025-04-23 02:00,84,Fall,Fall,1,NA,CVP,2025-05-07
C250458CVP,2025-04-23 02:00,80,Fall,Fall,0.932,NA,CVP,2025-05-07
C250460CVP,2025-04-23 04:00,82,Fall,Fall,0.778,NA,CVP,2025-05-07
C250459CVP,2025-04-23 04:00,93,Spring,Fall,0.662,NA,CVP,2025-05-07
C250461CVP,2025-04-23 10:00,80,Fall,Fall,0.985,NA,CVP,2025-05-07
C250462CVP,2025-04-23 16:00,73,Fall,Fall,0.702,NA,CVP,2025-05-07
C250410SWP,2025-04-23 18:30,81,Fall,Fall,0.531,NA,SWP,2025-05-07
C250463CVP,2025-04-23 23:59,85,Spring,Fall,0.912,NA,CVP,2025-05-07
C250391SWP,2025-04-24 16:30,98,Spring,Fall,0.944,NA,SWP,2025-05-07
C250390SWP,2025-04-24 16:30,114,Spring,Fall,0.78,NA,SWP,2025-05-07
C250464CVP,2025-04-24 22:00,100,Spring,Spring,0.994,Feather River,CVP,2025-05-07
C250465CVP,2025-04-24 23:59,76,Fall,Fall,0.717,NA,CVP,2025-05-07
C250466CVP,2025-04-25 02:00,86,Spring,Fall,0.957,NA,CVP,2025-05-07
C250467CVP,2025-04-25 04:00,71,Fall,Fall,0.856,NA,CVP,2025-05-07
C250468CVP,2025-04-25 04:00,90,Spring,Fall,0.383,NA,CVP,2025-05-07
C250469CVP,2025-04-25 06:00,94,Spring,Fall,0.83,NA,CVP,2025-05-07
C250470CVPa,2025-04-25 08:00,84,Fall,Fall,0.653,NA,CVP,2025-05-07
C250471CVP,2025-04-25 10:00,86,Spring,Fall,0.939,NA,CVP,2025-05-07
C250474CVP,2025-04-25 16:00,81,Fall,Fall,0.989,NA,CVP,2025-05-07
C250473CVP,2025-04-25 16:00,88,Spring,Fall,0.855,NA,CVP,2025-05-07
C250472CVP,2025-04-25 16:00,83,Fall,Fall,0.623,NA,CVP,2025-05-07
C250392SWPa,2025-04-25 16:30,82,Fall,Fall,0.89,NA,SWP,2025-05-07
C250393SWP,2025-04-25 16:30,82,Fall,Fall,0.617,NA,SWP,2025-05-07
C250394SWP,2025-04-25 16:30,85,Fall,Fall,0.525,NA,SWP,2025-05-07
C250475CVP,2025-04-25 22:00,95,Spring,Fall,0.752,NA,CVP,2025-05-07
C250476CVP,2025-04-25 22:00,88,Spring,Fall,0.42,NA,CVP,2025-05-07
C250478CVP,2025-04-25 23:59,89,Spring,Fall,0.999,NA,CVP,2025-05-07
C250479CVPa,2025-04-25 23:59,92,Spring,Fall,0.984,NA,CVP,2025-05-07
C250477CVP,2025-04-25 23:59,82,Fall,Fall,0.968,NA,CVP,2025-05-07
C250480CVP,2025-04-25 23:59,87,Spring,Fall,0.965,NA,CVP,2025-05-07
C250481CVP,2025-04-26 04:00,86,Fall,Fall,0.959,NA,CVP,2025-05-07
C250482CVP,2025-04-26 04:00,95,Spring,Fall,0.762,NA,CVP,2025-05-07
C250484CVP,2025-04-26 04:00,95,Spring,Fall,0.719,NA,CVP,2025-05-07
C250483CVP,2025-04-26 04:00,100,Spring,Spring,0.494,Feather River,CVP,2025-05-07
C250395SWP,2025-04-26 11:00,89,Spring,Fall,0.799,NA,SWP,2025-05-07
C250485CVP,2025-04-26 12:00,102,Spring,Fall,0.778,NA,CVP,2025-05-07
C250397SWP,2025-04-26 14:30,97,Spring,Fall,0.998,NA,SWP,2025-05-07
C250401SWP,2025-04-26 14:30,87,Spring,Fall,0.996,NA,SWP,2025-05-07
C250398SWP,2025-04-26 14:30,88,Spring,Fall,0.965,NA,SWP,2025-05-07
C250396SWP,2025-04-26 14:30,119,Spring,Fall,0.87,NA,SWP,2025-05-07
C250399SWP,2025-04-26 14:30,87,Spring,Fall,0.858,NA,SWP,2025-05-07
C250403SWP,2025-04-26 14:30,85,Fall,Fall,0.592,NA,SWP,2025-05-07
C250402SWP,2025-04-26 14:30,98,Spring,Fall,0.582,NA,SWP,2025-05-07
C250400SWP,2025-04-26 14:30,84,Fall,Fall,0.565,NA,SWP,2025-05-07
C250488CVP,2025-04-26 16:00,75,Fall,Fall,0.968,NA,CVP,2025-05-07
C250487CVP,2025-04-26 16:00,94,Spring,Spring,0.775,Feather River,CVP,2025-05-07
C250490CVP,2025-04-26 16:00,85,Fall,Fall,0.729,NA,CVP,2025-05-07
C250486CVP,2025-04-26 16:00,84,Fall,Fall,0.642,NA,CVP,2025-05-07
C250491CVP,2025-04-26 16:00,84,Fall,Fall,0.571,NA,CVP,2025-05-07
C250492CVP,2025-04-27 02:00,82,Fall,Spring,0.865,Feather River,CVP,2025-05-07
C250494CVP,2025-04-27 04:00,86,Fall,Fall,1,NA,CVP,2025-05-07
C250493CVP,2025-04-27 04:00,90,Spring,Fall,0.957,NA,CVP,2025-05-07
C250500CVP,2025-04-27 06:00,94,Spring,Fall,1,NA,CVP,2025-05-07
C250497CVP,2025-04-27 06:00,86,Fall,Fall,0.986,NA,CVP,2025-05-07
C250501CVP,2025-04-27 06:00,93,Spring,Fall,0.885,NA,CVP,2025-05-07
C250498CVP,2025-04-27 06:00,90,Spring,Fall,0.764,NA,CVP,2025-05-07
C250496CVP,2025-04-27 06:00,93,Spring,Fall,0.708,NA,CVP,2025-05-07
C250499CVP,2025-04-27 06:00,94,Spring,Fall,0.699,NA,CVP,2025-05-07
C250495CVP,2025-04-27 06:00,84,Fall,Fall,0.964,NA,CVP,2025-05-20
C250404SWP,2025-04-27 15:00,107,Spring,Fall,0.642,NA,SWP,2025-05-07
C250489SWP,2025-04-27 16:30,101,Spring,Fall,0.883,NA,SWP,2025-05-07
C250488SWP,2025-04-27 16:30,86,Fall,Fall,0.832,NA,SWP,2025-05-07
C250487SWP,2025-04-27 16:30,97,Spring,Fall,0.788,NA,SWP,2025-05-07
C250502CVP,2025-04-27 18:00,81,Fall,Fall,0.997,NA,CVP,2025-05-07
C250503CVP,2025-04-27 18:00,84,Fall,Fall,0.782,NA,CVP,2025-05-07
C250506CVP,2025-04-27 20:00,80,Fall,Fall,0.823,NA,CVP,2025-05-07
C250505CVP,2025-04-27 20:00,85,Fall,Fall,0.803,NA,CVP,2025-05-07
C250504CVP,2025-04-27 20:00,83,Fall,Fall,0.519,NA,CVP,2025-05-07
C250507CVP,2025-04-27 22:00,78,Fall,Fall,0.979,NA,CVP,2025-05-07
C250508CVP,2025-04-27 22:00,89,Spring,Fall,0.913,NA,CVP,2025-05-07
C250509CVP,2025-04-27 22:00,83,Fall,Fall,0.801,NA,CVP,2025-05-07
C250511CVP,2025-04-28 02:00,79,Fall,Fall,0.999,NA,CVP,2025-05-07
C250510CVP,2025-04-28 02:00,77,Fall,Fall,0.887,NA,CVP,2025-05-07
C250512CVP,2025-04-28 02:00,89,Spring,Fall,0.454,NA,CVP,2025-05-07
C250516CVP,2025-04-28 04:00,88,Spring,Fall,0.95,NA,CVP,2025-05-07
C250513CVP,2025-04-28 04:00,85,Fall,Fall,0.914,NA,CVP,2025-05-07
C250522CVP,2025-04-28 04:00,83,Fall,Fall,0.907,NA,CVP,2025-05-07
C250515CVP,2025-04-28 04:00,87,Fall,Fall,0.867,NA,CVP,2025-05-07
C250514CVP,2025-04-28 04:00,93,Spring,Fall,0.844,NA,CVP,2025-05-07
C250517CVP,2025-04-28 04:00,79,Fall,Fall,0.71,NA,CVP,2025-05-07
C250521CVP,2025-04-28 04:00,86,Fall,Fall,0.618,NA,CVP,2025-05-07
C250520CVP,2025-04-28 04:00,88,Spring,Fall,0.601,NA,CVP,2025-05-07
C250519CVP,2025-04-28 04:00,84,Fall,Fall,0.556,NA,CVP,2025-05-07
C250518CVP,2025-04-28 04:00,84,Fall,Fall,0.544,NA,CVP,2025-05-07
C250526CVP,2025-04-28 06:00,88,Spring,Fall,0.99,NA,CVP,2025-05-07
C250524CVP,2025-04-28 06:00,78,Fall,Fall,0.984,NA,CVP,2025-05-07
C250527CVP,2025-04-28 06:00,95,Spring,Fall,0.944,NA,CVP,2025-05-07
C250528CVP,2025-04-28 06:00,86,Fall,Fall,0.942,NA,CVP,2025-05-07
C250531CVP,2025-04-28 06:00,90,Spring,Fall,0.851,NA,CVP,2025-05-07
C250530CVP,2025-04-28 06:00,89,Spring,Fall,0.81,NA,CVP,2025-05-07
C250534CVP,2025-04-28 06:00,89,Spring,Fall,0.711,NA,CVP,2025-05-07
C250525CVP,2025-04-28 06:00,94,Spring,Fall,0.691,NA,CVP,2025-05-07
C250533CVP,2025-04-28 06:00,83,Fall,Fall,0.645,NA,CVP,2025-05-07
C250532CVP,2025-04-28 06:00,86,Fall,Fall,0.481,NA,CVP,2025-05-07
C250535CVP,2025-04-28 06:00,81,Fall,Fall,0.459,NA,CVP,2025-05-07
C250536CVP,2025-04-28 06:00,88,Spring,Fall,0.418,NA,CVP,2025-05-07
C250523CVP,2025-04-28 06:00,91,Spring,Fall,0.854,NA,CVP,2025-05-20
C250490SWP,2025-04-28 13:00,83,Fall,Fall,0.984,NA,SWP,2025-05-15
C250496SWP,2025-04-28 13:00,81,Fall,Fall,0.98,NA,SWP,2025-05-15
C250491SWP,2025-04-28 13:00,84,Fall,Fall,0.865,NA,SWP,2025-05-15
C250494SWP,2025-04-28 13:00,81,Fall,Fall,0.629,NA,SWP,2025-05-15
C250495SWP,2025-04-28 13:00,88,Spring,Fall,0.487,NA,SWP,2025-05-15
C250497SWP,2025-04-28 13:00,80,Fall,Fall,0.457,NA,SWP,2025-05-15
C250493SWP,2025-04-28 13:00,90,Spring,Fall,0.424,NA,SWP,2025-05-15
C250492SWP,2025-04-28 13:00,88,Spring,Fall,0.474,NA,SWP,2025-07-28
C250498SWP,2025-04-28 14:00,88,Spring,Fall,0.99,NA,SWP,2025-05-15
C250499SWP,2025-04-28 14:00,90,Spring,Fall,0.621,NA,SWP,2025-05-15
C250501SWP,2025-04-28 14:30,87,Fall,Fall,0.975,NA,SWP,2025-05-15
C250504SWP,2025-04-28 14:30,90,Spring,Fall,0.97,NA,SWP,2025-05-15
C250506SWP,2025-04-28 14:30,85,Fall,Fall,0.797,NA,SWP,2025-05-15
C250507SWP,2025-04-28 14:30,86,Fall,Fall,0.786,NA,SWP,2025-05-15
C250503SWP,2025-04-28 14:30,92,Spring,Fall,0.655,NA,SWP,2025-05-15
C250500SWP,2025-04-28 14:30,83,Fall,Fall,0.613,NA,SWP,2025-05-15
C250505SWP,2025-04-28 14:30,78,Fall,Fall,0.601,NA,SWP,2025-05-15
C250508SWP,2025-04-28 14:30,92,Spring,Fall,0.563,NA,SWP,2025-05-15
C250510SWP,2025-04-28 14:30,83,Fall,Fall,0.843,NA,SWP,2025-05-20
C250502SWP,2025-04-28 14:30,80,Fall,Fall,0.783,NA,SWP,2025-05-20
C250509SWP,2025-04-28 14:30,82,Fall,Fall,0.52,NA,SWP,2025-05-20
C250537CVP,2025-04-28 18:00,81,Fall,Fall,0.538,NA,CVP,2025-05-15
C250538CVP,2025-04-28 22:00,85,Fall,Fall,0.737,NA,CVP,2025-05-15
C250539CVP,2025-04-28 22:00,89,Spring,Fall,0.644,NA,CVP,2025-05-15
C250544CVP,2025-04-29 04:00,88,Spring,Fall,0.972,NA,CVP,2025-05-15
C250542CVP,2025-04-29 04:00,87,Fall,Fall,0.865,NA,CVP,2025-05-15
C250541CVP,2025-04-29 04:00,83,Fall,Fall,0.829,NA,CVP,2025-05-15
C250543CVP,2025-04-29 04:00,88,Spring,Fall,0.481,NA,CVP,2025-05-15
C250540CVP,2025-04-29 04:00,80,Fall,Fall,0.454,NA,CVP,2025-05-15
C250546CVP,2025-04-29 06:00,92,Spring,Fall,0.998,NA,CVP,2025-05-15
C250545CVP,2025-04-29 06:00,85,Fall,Fall,0.909,NA,CVP,2025-05-15
C250548CVP,2025-04-29 08:00,79,Fall,Fall,0.967,NA,CVP,2025-05-15
C250547CVP,2025-04-29 08:00,88,Spring,Fall,0.932,NA,CVP,2025-05-15
C250413SWP,2025-04-29 11:00,86,Fall,Fall,0.988,NA,SWP,2025-05-15
C250412SWP,2025-04-29 11:00,79,Fall,Fall,0.806,NA,SWP,2025-05-15
C250414SWP,2025-04-29 11:00,88,Spring,Fall,0.651,NA,SWP,2025-05-15
C250411SWP,2025-04-29 11:00,85,Fall,Fall,0.48,NA,SWP,2025-05-15
C250416SWP,2025-04-29 13:00,88,Spring,Fall,0.836,NA,SWP,2025-05-15
C250415SWP,2025-04-29 13:00,73,Fall,Fall,0.741,NA,SWP,2025-05-15
C250418SWP,2025-04-29 13:00,79,Fall,Fall,0.564,NA,SWP,2025-05-15
C250417SWP,2025-04-29 13:00,84,Fall,Fall,0.453,NA,SWP,2025-05-15
C250425SWP,2025-04-29 15:00,90,Spring,Fall,0.994,NA,SWP,2025-05-15
C250419SWP,2025-04-29 15:00,88,Spring,Fall,0.982,NA,SWP,2025-05-15
C250423SWP,2025-04-29 15:00,87,Fall,Fall,0.959,NA,SWP,2025-05-15
C250426SWP,2025-04-29 15:00,100,Spring,Fall,0.927,NA,SWP,2025-05-15
C250422SWP,2025-04-29 15:00,78,Fall,Fall,0.926,NA,SWP,2025-05-15
C250420SWP,2025-04-29 15:00,85,Fall,Fall,0.924,NA,SWP,2025-05-15
C250428SWP,2025-04-29 15:00,91,Spring,Fall,0.921,NA,SWP,2025-05-15
C250421SWP,2025-04-29 15:00,75,Fall,Fall,0.862,NA,SWP,2025-05-15
C250427SWP,2025-04-29 15:00,87,Fall,Fall,0.778,NA,SWP,2025-05-15
C250424SWP,2025-04-29 15:00,79,Fall,Fall,0.61,NA,SWP,2025-05-15
C250429SWP,2025-04-29 16:00,86,Fall,Fall,0.765,NA,SWP,2025-05-15
C250432SWP,2025-04-29 16:30,87,Fall,Fall,0.988,NA,SWP,2025-05-15
C250442SWP,2025-04-29 16:30,117,Spring,Spring,0.979,Feather River,SWP,2025-05-15
C250447SWP,2025-04-29 16:30,84,Fall,Fall,0.978,NA,SWP,2025-05-15
C250443SWP,2025-04-29 16:30,86,Fall,Fall,0.964,NA,SWP,2025-05-15
C250436SWP,2025-04-29 16:30,87,Fall,Fall,0.954,NA,SWP,2025-05-15
C250433SWP,2025-04-29 16:30,81,Fall,Fall,0.941,NA,SWP,2025-05-15
C250440SWP,2025-04-29 16:30,74,Fall,Fall,0.937,NA,SWP,2025-05-15
C250445SWP,2025-04-29 16:30,115,Spring,Spring,0.934,Feather River,SWP,2025-05-15
C250435SWP,2025-04-29 16:30,91,Spring,Fall,0.916,NA,SWP,2025-05-15
C250439SWP,2025-04-29 16:30,88,Spring,Fall,0.913,NA,SWP,2025-05-15
C250438SWP,2025-04-29 16:30,86,Fall,Fall,0.859,NA,SWP,2025-05-15
C250441SWP,2025-04-29 16:30,76,Fall,Fall,0.82,NA,SWP,2025-05-15
C250437SWP,2025-04-29 16:30,86,Fall,Fall,0.816,NA,SWP,2025-05-15
C250431SWP,2025-04-29 16:30,83,Fall,Fall,0.738,NA,SWP,2025-05-15
C250430SWP,2025-04-29 16:30,72,Fall,Fall,0.567,NA,SWP,2025-05-15
C250444SWP,2025-04-29 16:30,78,Fall,Fall,0.449,NA,SWP,2025-05-15
C250446SWP,2025-04-29 16:30,86,Fall,Fall,0.44,NA,SWP,2025-05-15
C250434SWP,2025-04-29 16:30,79,Fall,Fall,0.367,NA,SWP,2025-05-15
C250549CVP,2025-04-29 18:00,83,Fall,Fall,0.855,NA,CVP,2025-05-15
C250550CVP,2025-04-29 18:00,84,Fall,Fall,0.583,NA,CVP,2025-05-15
C250552CVP,2025-04-29 22:00,87,Fall,Fall,0.909,NA,CVP,2025-05-15
C250551CVP,2025-04-29 22:00,86,Fall,Fall,0.569,NA,CVP,2025-05-15
C250553CVP,2025-04-29 22:00,79,Fall,Fall,0.682,NA,CVP,2025-05-20
C250555CVP,2025-04-30 04:00,82,Fall,Fall,0.951,NA,CVP,2025-05-15
C250557CVP,2025-04-30 04:00,94,Spring,Fall,0.945,NA,CVP,2025-05-15
C250558CVP,2025-04-30 04:00,96,Spring,Fall,0.631,NA,CVP,2025-05-15
C250556CVP,2025-04-30 04:00,94,Spring,Fall,0.61,NA,CVP,2025-05-15
C250554CVP,2025-04-30 04:00,81,Fall,Fall,0.478,NA,CVP,2025-05-15
C250562CVP,2025-04-30 06:00,85,Fall,Fall,0.998,NA,CVP,2025-05-15
C250559CVP,2025-04-30 06:00,83,Fall,Fall,0.806,NA,CVP,2025-05-15
C250561CVP,2025-04-30 06:00,84,Fall,Fall,0.619,NA,CVP,2025-05-15
C250560CVP,2025-04-30 06:00,81,Fall,Fall,0.568,NA,CVP,2025-05-15
C250451SWP,2025-04-30 13:00,92,Spring,Fall,0.998,NA,SWP,2025-05-15
C250449SWP,2025-04-30 13:00,86,Fall,Fall,0.951,NA,SWP,2025-05-15
C250448SWP,2025-04-30 13:00,92,Spring,Fall,0.867,NA,SWP,2025-05-15
C250452SWP,2025-04-30 13:00,83,Fall,Fall,0.81,NA,SWP,2025-05-15
C250450SWP,2025-04-30 13:00,91,Spring,Fall,0.49,NA,SWP,2025-05-15
C250453SWP,2025-04-30 17:00,93,Spring,Fall,0.925,NA,SWP,2025-05-15
C250456SWP,2025-04-30 17:00,78,Fall,Fall,0.677,NA,SWP,2025-05-15
C250455SWP,2025-04-30 17:00,91,Spring,Fall,0.663,NA,SWP,2025-05-15
C250454SWP,2025-04-30 17:00,84,Fall,Fall,0.54,NA,SWP,2025-05-15
C250465SWP,2025-04-30 17:30,79,Fall,Fall,0.998,NA,SWP,2025-05-15
C250461SWP,2025-04-30 17:30,93,Spring,Fall,0.988,NA,SWP,2025-05-15
C250460SWP,2025-04-30 17:30,79,Fall,Fall,0.983,NA,SWP,2025-05-15
C250457SWP,2025-04-30 17:30,81,Fall,Fall,0.983,NA,SWP,2025-05-15
C250464SWP,2025-04-30 17:30,90,Spring,Fall,0.916,NA,SWP,2025-05-15
C250468SWP,2025-04-30 17:30,93,Spring,Fall,0.825,NA,SWP,2025-05-15
C250458SWP,2025-04-30 17:30,86,Fall,Fall,0.742,NA,SWP,2025-05-15
C250467SWP,2025-04-30 17:30,86,Fall,Fall,0.678,NA,SWP,2025-05-15
C250469SWP,2025-04-30 17:30,82,Fall,Fall,0.577,NA,SWP,2025-05-15
C250463SWP,2025-04-30 17:30,81,Fall,Fall,0.543,NA,SWP,2025-05-15
C250459SWP,2025-04-30 17:30,86,Fall,Fall,0.495,NA,SWP,2025-05-15
C250466SWP,2025-04-30 17:30,93,Spring,Fall,0.452,NA,SWP,2025-05-15
C250462SWP,2025-04-30 17:30,76,Fall,Fall,0.435,NA,SWP,2025-05-15
C250565CVP,2025-04-30 22:00,81,Fall,Fall,0.902,NA,CVP,2025-05-15
C250566CVP,2025-04-30 22:00,86,Fall,Fall,0.894,NA,CVP,2025-05-15
C250564CVP,2025-04-30 22:00,83,Fall,Fall,0.75,NA,CVP,2025-05-15
C250563CVP,2025-04-30 22:00,86,Fall,Fall,0.704,NA,CVP,2025-05-15
C250567CVP,2025-04-30 23:59,91,Spring,Fall,0.804,NA,CVP,2025-05-15
C250568CVP,2025-05-01 04:00,86,Fall,Fall,0.502,NA,CVP,2025-05-15
C250570CVP,2025-05-01 06:00,89,Spring,Fall,0.857,NA,CVP,2025-05-15
C250569CVP,2025-05-01 06:00,83,Fall,Fall,0.847,NA,CVP,2025-05-15
C250571CVP,2025-05-01 08:00,90,Spring,Fall,0.39,NA,CVP,2025-05-15
C250470SWP,2025-05-01 13:00,91,Spring,Fall,0.982,NA,SWP,2025-05-15
C250473SWP,2025-05-01 13:00,90,Spring,Fall,0.968,NA,SWP,2025-05-15
C250475SWP,2025-05-01 13:00,86,Fall,Fall,0.924,NA,SWP,2025-05-15
C250478SWP,2025-05-01 13:00,94,Spring,Fall,0.907,NA,SWP,2025-05-15
C250476SWP,2025-05-01 13:00,91,Spring,Fall,0.781,NA,SWP,2025-05-15
C250477SWP,2025-05-01 13:00,87,Fall,Fall,0.669,NA,SWP,2025-05-15
C250472SWP,2025-05-01 13:00,96,Spring,Fall,0.66,NA,SWP,2025-05-15
C250471SWP,2025-05-01 13:00,88,Fall,Fall,0.658,NA,SWP,2025-05-15
C250474SWP,2025-05-01 13:00,82,Fall,Fall,0.636,NA,SWP,2025-05-15
C250480SWP,2025-05-01 15:00,88,Fall,Fall,0.972,NA,SWP,2025-05-15
C250479SWP,2025-05-01 15:00,79,Fall,Fall,0.457,NA,SWP,2025-05-15
C250485SWP,2025-05-01 16:30,87,Fall,Fall,0.983,NA,SWP,2025-05-15
C250483SWP,2025-05-01 16:30,89,Spring,Fall,0.659,NA,SWP,2025-05-15
C250484SWP,2025-05-01 16:30,93,Spring,Fall,0.657,NA,SWP,2025-05-15
C250481SWP,2025-05-01 16:30,93,Spring,Fall,0.542,NA,SWP,2025-05-15
C250482SWP,2025-05-01 16:30,88,Fall,Fall,0.472,NA,SWP,2025-05-15
C250574CVP,2025-05-01 22:00,90,Spring,Fall,0.541,NA,CVP,2025-05-15
C250573CVP,2025-05-01 22:00,81,Fall,Fall,0.47,NA,CVP,2025-05-15
C250572CVP,2025-05-01 22:20,74,Fall,Fall,0.945,NA,CVP,2025-05-15
C250575CVP,2025-05-02 02:00,83,Fall,Fall,0.817,NA,CVP,2025-05-15
C250576CVP,2025-05-02 06:00,89,Fall,Fall,0.978,NA,CVP,2025-05-15
C250511SWP,2025-05-02 09:00,86,Fall,Fall,0.998,NA,SWP,2025-05-20
C250512SWP,2025-05-02 09:00,86,Fall,Fall,0.508,NA,SWP,2025-05-20
C250513SWP,2025-05-02 13:00,82,Fall,Fall,0.637,NA,SWP,2025-05-20
C250514SWP,2025-05-02 15:00,89,Fall,Fall,0.996,NA,SWP,2025-05-20
C250579CVP,2025-05-02 16:00,78,Fall,Fall,0.999,NA,CVP,2025-05-15
C250515SWP,2025-05-02 16:00,83,Fall,Fall,0.981,NA,SWP,2025-05-20
C250578CVP,2025-05-02 16:00,79,Fall,Fall,0.686,NA,CVP,2025-05-20
C250577CVP,2025-05-02 16:00,86,Fall,Fall,0.638,NA,CVP,2025-05-20
C250528SWP,2025-05-02 16:30,87,Fall,Fall,0.999,NA,SWP,2025-05-20
C250521SWP,2025-05-02 16:30,91,Spring,Fall,0.995,NA,SWP,2025-05-20
C250520SWP,2025-05-02 16:30,86,Fall,Fall,0.995,NA,SWP,2025-05-20
C250518SWP,2025-05-02 16:30,83,Fall,Fall,0.991,NA,SWP,2025-05-20
C250524SWP,2025-05-02 16:30,90,Spring,Fall,0.87,NA,SWP,2025-05-20
C250522SWP,2025-05-02 16:30,93,Spring,Fall,0.864,NA,SWP,2025-05-20
C250526SWP,2025-05-02 16:30,88,Fall,Fall,0.805,NA,SWP,2025-05-20
C250527SWP,2025-05-02 16:30,81,Fall,Fall,0.731,NA,SWP,2025-05-20
C250516SWP,2025-05-02 16:30,87,Fall,Fall,0.675,NA,SWP,2025-05-20
C250529SWP,2025-05-02 16:30,77,Fall,Fall,0.642,NA,SWP,2025-05-20
C250517SWP,2025-05-02 16:30,121,Spring,Spring,0.623,Feather River,SWP,2025-05-20
C250519SWP,2025-05-02 16:30,85,Fall,Fall,0.585,NA,SWP,2025-05-20
C250525SWP,2025-05-02 16:30,83,Fall,Fall,0.506,NA,SWP,2025-05-20
C250523SWP,2025-05-02 16:30,78,Fall,Fall,0.486,NA,SWP,2025-05-20
C250580CVP,2025-05-02 18:00,87,Fall,Fall,0.485,NA,CVP,2025-05-20
C250581CVP,2025-05-02 20:00,89,Fall,Fall,0.846,NA,CVP,2025-05-20
C250587CVP,2025-05-02 22:00,87,Fall,Fall,0.997,NA,CVP,2025-05-15
C250593CVP,2025-05-02 22:00,91,Spring,Fall,0.736,NA,CVP,2025-05-15
C250597CVP,2025-05-02 22:00,73,Fall,Fall,0.613,NA,CVP,2025-05-15
C250586CVP,2025-05-02 22:00,89,Fall,Fall,0.595,NA,CVP,2025-05-15
C250588CVP,2025-05-02 22:00,88,Fall,Fall,0.586,NA,CVP,2025-05-15
C250594CVP,2025-05-02 22:00,84,Fall,Fall,0.534,NA,CVP,2025-05-15
C250585CVP,2025-05-02 22:00,116,Spring,Fall,0.479,NA,CVP,2025-05-15
C250582CVP,2025-05-02 22:00,90,Spring,Fall,0.479,NA,CVP,2025-05-15
C250589CVP,2025-05-02 22:00,83,Fall,Fall,0.394,NA,CVP,2025-05-15
C250596CVP,2025-05-02 22:00,85,Fall,Fall,0.955,NA,CVP,2025-05-20
C250591CVP,2025-05-02 22:00,80,Fall,Fall,0.844,NA,CVP,2025-05-20
C250590CVP,2025-05-02 22:00,86,Fall,Fall,0.679,NA,CVP,2025-05-20
C250584CVP,2025-05-02 22:00,87,Fall,Fall,0.473,NA,CVP,2025-05-20
C250583CVP,2025-05-02 22:00,83,Fall,Fall,0.467,NA,CVP,2025-05-20
C250598CVP,2025-05-02 23:59,93,Spring,Fall,0.995,NA,CVP,2025-05-15
C250599CVP,2025-05-02 23:59,83,Fall,Fall,0.516,NA,CVP,2025-05-15
C250600CVP,2025-05-03 06:00,93,Spring,Fall,0.654,NA,CVP,2025-05-15
C250530SWP,2025-05-03 15:00,79,Fall,Fall,0.576,NA,SWP,2025-05-20
C250602CVP,2025-05-03 16:00,92,Spring,Fall,1,NA,CVP,2025-05-15
C250601CVP,2025-05-03 16:00,89,Fall,Fall,0.652,NA,CVP,2025-05-15
C250603CVP,2025-05-03 16:00,88,Fall,Fall,0.997,NA,CVP,2025-05-20
C250604CVP,2025-05-03 16:00,77,Fall,Fall,0.984,NA,CVP,2025-05-20
C250605CVP,2025-05-03 18:00,87,Fall,Fall,0.476,NA,CVP,2025-05-15
C250614CVP,2025-05-03 22:00,87,Fall,Fall,0.997,NA,CVP,2025-05-15
C250615CVP,2025-05-03 22:00,85,Fall,Fall,0.994,NA,CVP,2025-05-15
C250612CVP,2025-05-03 22:00,92,Spring,Fall,0.993,NA,CVP,2025-05-15
C250610CVP,2025-05-03 22:00,89,Fall,Fall,0.938,NA,CVP,2025-05-15
C250609CVP,2025-05-03 22:00,92,Spring,Fall,0.937,NA,CVP,2025-05-15
C250606CVP,2025-05-03 22:00,83,Fall,Fall,0.851,NA,CVP,2025-05-15
C250611CVP,2025-05-03 22:00,91,Spring,Fall,0.845,NA,CVP,2025-05-15
C250607CVP,2025-05-03 22:00,85,Fall,Fall,0.76,NA,CVP,2025-05-15
C250613CVP,2025-05-03 22:00,88,Fall,Fall,0.716,NA,CVP,2025-05-15
C250608CVP,2025-05-03 22:00,95,Spring,Fall,0.613,NA,CVP,2025-05-15
C250622CVP,2025-05-03 23:59,86,Fall,Fall,0.988,NA,CVP,2025-05-15
C250621CVP,2025-05-03 23:59,90,Fall,Fall,0.981,NA,CVP,2025-05-15
C250626CVP,2025-05-03 23:59,99,Spring,Fall,0.968,NA,CVP,2025-05-15
C250627CVP,2025-05-03 23:59,97,Spring,Fall,0.921,NA,CVP,2025-05-15
C250624CVP,2025-05-03 23:59,88,Fall,Fall,0.892,NA,CVP,2025-05-15
C250617CVP,2025-05-03 23:59,83,Fall,Fall,0.868,NA,CVP,2025-05-15
C250619CVP,2025-05-03 23:59,90,Fall,Fall,0.838,NA,CVP,2025-05-15
C250628CVP,2025-05-03 23:59,91,Spring,Fall,0.815,NA,CVP,2025-05-15
C250616CVP,2025-05-03 23:59,88,Fall,Fall,0.807,NA,CVP,2025-05-15
C250623CVP,2025-05-03 23:59,91,Spring,Fall,0.634,NA,CVP,2025-05-15
C250620CVP,2025-05-03 23:59,88,Fall,Fall,0.499,NA,CVP,2025-05-15
C250625CVP,2025-05-03 23:59,85,Fall,Fall,0.462,NA,CVP,2025-05-15
C250618CVP,2025-05-03 23:59,83,Fall,Fall,0.378,NA,CVP,2025-05-15
C250629CVP,2025-05-04 02:00,136,Spring,Fall,0.958,NA,CVP,2025-05-15
C250631CVP,2025-05-04 02:00,84,Fall,Fall,0.879,NA,CVP,2025-05-15
C250633CVP,2025-05-04 02:00,92,Spring,Fall,0.822,NA,CVP,2025-05-15
C250630CVP,2025-05-04 02:00,91,Spring,Fall,0.777,NA,CVP,2025-05-15
C250634CVP,2025-05-04 02:00,84,Fall,Fall,0.653,NA,CVP,2025-05-15
C250632CVP,2025-05-04 02:00,89,Fall,Fall,0.579,NA,CVP,2025-05-15
C250638CVP,2025-05-04 08:00,77,Fall,Fall,0.994,NA,CVP,2025-05-15
C250636CVP,2025-05-04 08:00,81,Fall,Fall,0.956,NA,CVP,2025-05-15
C250637CVP,2025-05-04 08:00,79,Fall,Fall,0.943,NA,CVP,2025-05-15
C250635CVP,2025-05-04 08:00,83,Fall,Fall,0.853,NA,CVP,2025-05-15
C250639CVP,2025-05-04 10:00,96,Spring,Fall,0.956,NA,CVP,2025-05-15
C250640CVP,2025-05-04 10:00,77,Fall,Fall,0.687,NA,CVP,2025-05-15
C250641CVP,2025-05-04 12:00,84,Fall,Fall,0.867,NA,CVP,2025-05-15
C250644CVP,2025-05-04 14:00,71,Fall,Fall,1,NA,CVP,2025-05-15
C250645CVP,2025-05-04 14:00,82,Fall,Fall,0.933,NA,CVP,2025-05-15
C250642CVP,2025-05-04 14:00,77,Fall,Fall,0.666,NA,CVP,2025-05-15
C250646CVP,2025-05-04 14:00,83,Fall,Fall,0.5,NA,CVP,2025-05-15
C250643CVP,2025-05-04 14:00,83,Fall,Fall,0.44,NA,CVP,2025-05-15
C250649CVP,2025-05-04 16:00,86,Fall,Fall,0.996,NA,CVP,2025-05-15
C250647CVP,2025-05-04 16:00,92,Spring,Fall,0.983,NA,CVP,2025-05-15
C250650CVP,2025-05-04 16:00,81,Fall,Fall,0.769,NA,CVP,2025-05-15
C250648CVP,2025-05-04 16:00,88,Fall,Fall,0.566,NA,CVP,2025-05-15
C250651CVP,2025-05-04 20:00,84,Fall,Fall,0.609,NA,CVP,2025-05-15
C250669CVP,2025-05-04 22:00,78,Fall,Fall,0.985,NA,CVP,2025-05-15
C250677CVP,2025-05-04 22:00,88,Fall,Fall,0.984,NA,CVP,2025-05-15
C250660CVP,2025-05-04 22:00,73,Fall,Fall,0.979,NA,CVP,2025-05-15
C250672CVP,2025-05-04 22:00,81,Fall,Fall,0.978,NA,CVP,2025-05-15
C250671CVP,2025-05-04 22:00,84,Fall,Fall,0.973,NA,CVP,2025-05-15
C250652CVP,2025-05-04 22:00,86,Fall,Fall,0.955,NA,CVP,2025-05-15
C250664CVP,2025-05-04 22:00,90,Fall,Fall,0.948,NA,CVP,2025-05-15
C250662CVP,2025-05-04 22:00,82,Fall,Fall,0.946,NA,CVP,2025-05-15
C250656CVP,2025-05-04 22:00,77,Fall,Fall,0.942,NA,CVP,2025-05-15
C250673CVP,2025-05-04 22:00,82,Fall,Fall,0.931,NA,CVP,2025-05-15
C250674CVP,2025-05-04 22:00,82,Fall,Fall,0.913,NA,CVP,2025-05-15
C250668CVP,2025-05-04 22:00,82,Fall,Fall,0.905,NA,CVP,2025-05-15
C250675CVP,2025-05-04 22:00,75,Fall,Fall,0.874,NA,CVP,2025-05-15
C250653CVP,2025-05-04 22:00,80,Fall,Fall,0.874,NA,CVP,2025-05-15
C250658CVP,2025-05-04 22:00,79,Fall,Fall,0.86,NA,CVP,2025-05-15
C250676CVP,2025-05-04 22:00,84,Fall,Fall,0.813,NA,CVP,2025-05-15
C250670CVP,2025-05-04 22:00,88,Fall,Fall,0.803,NA,CVP,2025-05-15
C250665CVP,2025-05-04 22:00,84,Fall,Fall,0.698,NA,CVP,2025-05-15
C250666CVP,2025-05-04 22:00,97,Spring,Fall,0.695,NA,CVP,2025-05-15
C250655CVP,2025-05-04 22:00,84,Fall,Fall,0.691,NA,CVP,2025-05-15
C250667CVP,2025-05-04 22:00,85,Fall,Fall,0.65,NA,CVP,2025-05-15
C250659CVP,2025-05-04 22:00,77,Fall,Fall,0.595,NA,CVP,2025-05-15
C250661CVP,2025-05-04 22:00,75,Fall,Fall,0.538,NA,CVP,2025-05-15
C250654CVP,2025-05-04 22:00,103,Spring,Fall,0.511,NA,CVP,2025-05-15
C250657CVP,2025-05-04 22:00,91,Spring,Fall,0.49,NA,CVP,2025-05-15
C250682CVP,2025-05-04 23:59,94,Spring,Fall,0.947,NA,CVP,2025-05-15
C250688CVP,2025-05-04 23:59,95,Spring,Fall,0.943,NA,CVP,2025-05-15
C250689CVP,2025-05-04 23:59,87,Fall,Fall,0.86,NA,CVP,2025-05-15
C250678CVP,2025-05-04 23:59,99,Spring,Fall,0.838,NA,CVP,2025-05-15
C250680CVP,2025-05-04 23:59,92,Spring,Fall,0.819,NA,CVP,2025-05-15
C250679CVP,2025-05-04 23:59,90,Fall,Fall,0.751,NA,CVP,2025-05-15
C250687CVP,2025-05-04 23:59,88,Fall,Fall,0.731,NA,CVP,2025-05-15
C250684CVP,2025-05-04 23:59,88,Fall,Fall,0.685,NA,CVP,2025-05-15
C250681CVP,2025-05-04 23:59,92,Spring,Fall,0.559,NA,CVP,2025-05-15
C250685CVP,2025-05-04 23:59,83,Fall,Fall,0.511,NA,CVP,2025-05-15
C250683CVP,2025-05-04 23:59,94,Spring,Fall,0.506,NA,CVP,2025-05-15
C250686CVP,2025-05-04 23:59,87,Fall,Fall,0.363,NA,CVP,2025-05-15
C250692CVP,2025-05-05 02:00,96,Spring,Fall,0.999,NA,CVP,2025-05-15
C250698CVP,2025-05-05 02:00,95,Spring,Fall,0.997,NA,CVP,2025-05-15
C250691CVP,2025-05-05 02:00,85,Fall,Fall,0.98,NA,CVP,2025-05-15
C250695CVP,2025-05-05 02:00,86,Fall,Fall,0.979,NA,CVP,2025-05-15
C250697CVP,2025-05-05 02:00,93,Spring,Fall,0.96,NA,CVP,2025-05-15
C250699CVP,2025-05-05 02:00,88,Fall,Fall,0.931,NA,CVP,2025-05-15
C250694CVP,2025-05-05 02:00,95,Spring,Fall,0.927,NA,CVP,2025-05-15
C250693CVP,2025-05-05 02:00,97,Spring,Fall,0.815,NA,CVP,2025-05-15
C250701CVP,2025-05-05 02:00,85,Fall,Fall,0.655,NA,CVP,2025-05-15
C250696CVP,2025-05-05 02:00,94,Spring,Fall,0.652,NA,CVP,2025-05-15
C250703CVP,2025-05-05 02:00,92,Spring,Fall,0.58,NA,CVP,2025-05-15
C250690CVP,2025-05-05 02:00,87,Fall,Fall,0.491,NA,CVP,2025-05-15
C250700CVP,2025-05-05 02:00,91,Fall,Fall,0.408,NA,CVP,2025-05-15
C250702CVP,2025-05-05 02:00,93,Spring,Fall,0.899,NA,CVP,2025-07-28
C250704CVP,2025-05-05 04:00,86,Fall,Fall,0.991,NA,CVP,2025-05-15
C250705CVP,2025-05-05 04:00,88,Fall,Fall,0.934,NA,CVP,2025-05-15
C250707CVP,2025-05-05 04:00,87,Fall,Fall,0.833,NA,CVP,2025-05-15
C250706CVP,2025-05-05 04:00,96,Spring,Fall,0.756,NA,CVP,2025-05-15
C250709CVP,2025-05-05 06:00,94,Spring,Fall,0.991,NA,CVP,2025-05-15
C250712CVP,2025-05-05 06:00,92,Spring,Fall,0.977,NA,CVP,2025-05-15
C250708CVP,2025-05-05 06:00,81,Fall,Fall,0.971,NA,CVP,2025-05-15
C250710CVP,2025-05-05 06:00,86,Fall,Fall,0.756,NA,CVP,2025-05-15
C250711CVP,2025-05-05 06:00,90,Fall,Fall,0.613,NA,CVP,2025-05-15
C250713CVP,2025-05-05 08:00,78,Fall,Fall,0.695,NA,CVP,2025-05-15
C250534SWP,2025-05-05 13:00,85,Fall,Fall,0.992,NA,SWP,2025-05-20
C250535SWP,2025-05-05 13:00,82,Fall,Fall,0.908,NA,SWP,2025-05-20
C250532SWP,2025-05-05 13:00,89,Fall,Fall,0.625,NA,SWP,2025-05-20
C250533SWP,2025-05-05 13:00,88,Fall,Fall,0.527,NA,SWP,2025-05-20
C250714CVP,2025-05-05 16:00,93,Spring,Fall,0.905,NA,CVP,2025-05-20
C250718CVP,2025-05-05 18:00,101,Spring,Fall,0.964,NA,CVP,2025-05-20
C250715CVP,2025-05-05 18:00,81,Fall,Fall,0.921,NA,CVP,2025-05-20
C250717CVP,2025-05-05 18:00,93,Spring,Fall,0.756,NA,CVP,2025-05-20
C250719CVP,2025-05-05 18:00,81,Fall,Fall,0.75,NA,CVP,2025-05-20
C250716CVP,2025-05-05 18:00,83,Fall,Fall,0.737,NA,CVP,2025-05-20
C250720CVP,2025-05-05 18:00,78,Fall,Fall,0.581,NA,CVP,2025-05-29
C250725CVP,2025-05-05 20:00,88,Fall,Fall,1,NA,CVP,2025-05-20
C250724CVP,2025-05-05 20:00,93,Spring,Fall,0.99,NA,CVP,2025-05-20
C250723CVP,2025-05-05 20:00,91,Fall,Fall,0.626,NA,CVP,2025-05-20
C250721CVP,2025-05-05 20:00,89,Fall,Fall,0.622,NA,CVP,2025-05-20
C250722CVP,2025-05-05 20:00,84,Fall,Fall,0.468,NA,CVP,2025-05-20
C250727CVP,2025-05-05 22:00,84,Fall,Fall,0.987,NA,CVP,2025-05-20
C250730CVP,2025-05-05 22:00,90,Fall,Fall,0.947,NA,CVP,2025-05-20
C250733CVP,2025-05-05 22:00,84,Fall,Fall,0.901,NA,CVP,2025-05-20
C250726CVP,2025-05-05 22:00,113,Spring,Fall,0.688,NA,CVP,2025-05-20
C250731CVP,2025-05-05 22:00,98,Spring,Fall,0.598,NA,CVP,2025-05-20
C250732CVP,2025-05-05 22:00,85,Fall,Fall,0.546,NA,CVP,2025-05-20
C250728CVP,2025-05-05 22:00,84,Fall,Fall,0.408,NA,CVP,2025-05-20
C250729CVP,2025-05-05 22:00,87,Fall,Fall,0.34,NA,CVP,2025-05-20
C250734CVP,2025-05-05 23:59,82,Fall,Fall,0.999,NA,CVP,2025-05-20
C250735CVP,2025-05-06 02:00,79,Fall,Fall,0.984,NA,CVP,2025-05-20
C250736CVP,2025-05-06 02:00,86,Fall,Fall,0.925,NA,CVP,2025-05-20
C250738CVP,2025-05-06 02:00,95,Spring,Fall,0.898,NA,CVP,2025-05-20
C250737CVP,2025-05-06 02:00,89,Fall,Fall,0.68,NA,CVP,2025-05-20
C250739CVP,2025-05-06 02:00,98,Spring,Fall,0.571,NA,CVP,2025-05-20
C250747CVP,2025-05-06 04:00,85,Fall,Fall,0.997,NA,CVP,2025-05-20
C250740CVP,2025-05-06 04:00,76,Fall,Fall,0.97,NA,CVP,2025-05-20
C250750CVP,2025-05-06 04:00,103,Spring,Fall,0.957,NA,CVP,2025-05-20
C250741CVP,2025-05-06 04:00,77,Fall,Fall,0.942,NA,CVP,2025-05-20
C250745CVP,2025-05-06 04:00,85,Fall,Fall,0.858,NA,CVP,2025-05-20
C250746CVP,2025-05-06 04:00,85,Fall,Fall,0.789,NA,CVP,2025-05-20
C250742CVP,2025-05-06 04:00,79,Fall,Fall,0.732,NA,CVP,2025-05-20
C250749CVP,2025-05-06 04:00,89,Fall,Fall,0.652,NA,CVP,2025-05-20
C250744CVP,2025-05-06 04:00,85,Fall,Fall,0.606,NA,CVP,2025-05-20
C250743CVP,2025-05-06 04:00,82,Fall,Fall,0.595,NA,CVP,2025-05-20
C250748CVP,2025-05-06 04:00,88,Fall,Fall,0.474,NA,CVP,2025-05-20
C250752CVP,2025-05-06 06:00,86,Fall,Fall,0.976,NA,CVP,2025-05-20
C250751CVP,2025-05-06 06:00,84,Fall,Fall,0.86,NA,CVP,2025-05-20
C250753CVP,2025-05-06 08:00,91,Fall,Fall,0.979,NA,CVP,2025-05-20
C250754CVP,2025-05-06 14:00,81,Fall,Fall,0.902,NA,CVP,2025-05-20
C250755CVP,2025-05-06 18:00,94,Spring,Fall,0.989,NA,CVP,2025-05-20
C250758CVP,2025-05-06 18:00,88,Fall,Fall,0.929,NA,CVP,2025-05-20
C250764CVP,2025-05-06 18:00,84,Fall,Fall,0.914,NA,CVP,2025-05-20
C250759CVP,2025-05-06 18:00,94,Spring,Fall,0.905,NA,CVP,2025-05-20
C250756CVP,2025-05-06 18:00,81,Fall,Fall,0.898,NA,CVP,2025-05-20
C250762CVP,2025-05-06 18:00,92,Spring,Fall,0.835,NA,CVP,2025-05-20
C250760CVP,2025-05-06 18:00,79,Fall,Fall,0.795,NA,CVP,2025-05-20
C250757CVP,2025-05-06 18:00,86,Fall,Fall,0.66,NA,CVP,2025-05-20
C250761CVP,2025-05-06 18:00,91,Fall,Fall,0.581,NA,CVP,2025-05-20
C250763CVP,2025-05-06 18:00,95,Spring,Fall,0.541,NA,CVP,2025-05-20
C250766CVP,2025-05-06 22:00,85,Fall,Fall,0.979,NA,CVP,2025-05-20
C250768CVP,2025-05-06 22:00,77,Fall,Fall,0.889,NA,CVP,2025-05-20
C250767CVP,2025-05-06 22:00,81,Fall,Fall,0.793,NA,CVP,2025-05-20
C250765CVP,2025-05-06 22:00,77,Fall,Fall,0.541,NA,CVP,2025-05-20
C250769CVP,2025-05-06 23:59,84,Fall,Fall,0.938,NA,CVP,2025-05-20
C250770CVP,2025-05-07 04:00,93,Spring,Fall,0.968,NA,CVP,2025-05-20
C250771CVP,2025-05-07 08:00,85,Fall,Fall,0.677,NA,CVP,2025-05-20
C250772CVP,2025-05-07 14:00,92,Fall,Fall,0.798,NA,CVP,2025-05-20
C250773CVP,2025-05-08 04:00,93,Fall,Fall,0.565,NA,CVP,2025-05-20
C250774CVP,2025-05-08 04:00,89,Fall,Fall,0.558,NA,CVP,2025-07-28
C250775CVP,2025-05-08 06:00,86,Fall,Fall,0.41,NA,CVP,2025-07-28
C250776CVP,2025-05-08 08:00,81,Fall,Fall,0.963,NA,CVP,2025-05-20
C250777CVP,2025-05-08 23:59,87,Fall,Fall,0.764,NA,CVP,2025-05-20
C250778CVP,2025-05-09 02:00,84,Fall,Fall,0.696,NA,CVP,2025-05-20
C250779CVP,2025-05-09 06:00,86,Fall,Fall,0.957,NA,CVP,2025-05-20
C250780CVP,2025-05-09 23:59,84,Fall,Fall,0.592,NA,CVP,2025-05-20
C250781CVP,2025-05-10 04:00,85,Fall,Fall,0.687,NA,CVP,2025-05-20
C250536SWP,2025-05-10 09:00,87,Fall,Fall,0.952,NA,SWP,2025-05-20
C250540SWP,2025-05-10 15:30,93,Fall,Fall,0.999,NA,SWP,2025-05-20
C250541SWP,2025-05-10 15:30,84,Fall,Fall,0.998,NA,SWP,2025-05-20
C250538SWP,2025-05-10 15:30,91,Fall,Fall,0.991,NA,SWP,2025-05-20
C250539SWP,2025-05-10 15:30,98,Spring,Fall,0.94,NA,SWP,2025-05-20
C250543SWP,2025-05-10 15:30,85,Fall,Fall,0.84,NA,SWP,2025-05-20
C250537SWP,2025-05-10 15:30,97,Spring,Fall,0.788,NA,SWP,2025-05-20
C250542SWP,2025-05-10 15:30,86,Fall,Fall,0.666,NA,SWP,2025-05-20
C250782CVP,2025-05-10 16:00,92,Fall,Fall,0.803,NA,CVP,2025-05-20
C250783CVP,2025-05-10 22:00,97,Spring,Fall,0.749,NA,CVP,2025-05-20
C250784CVP,2025-05-10 23:59,88,Fall,Fall,0.721,NA,CVP,2025-05-20
C250785CVP,2025-05-11 02:00,87,Fall,Fall,0.995,NA,CVP,2025-05-20
C250787CVP,2025-05-11 04:00,76,Fall,Fall,0.516,NA,CVP,2025-05-20
C250788CVP,2025-05-11 06:00,79,Fall,Fall,1,NA,CVP,2025-05-20
C250789CVP,2025-05-11 14:00,78,Fall,Fall,0.782,NA,CVP,2025-05-20
C250544SWP,2025-05-11 16:00,84,Fall,Fall,0.99,NA,SWP,2025-05-20
C250790CVP,2025-05-11 16:00,83,Fall,Fall,0.794,NA,CVP,2025-05-20
C250791CVP,2025-05-11 16:00,80,Fall,Fall,0.779,NA,CVP,2025-05-20
C250792CVP,2025-05-11 16:00,97,Spring,Fall,0.526,NA,CVP,2025-05-20
C250794CVP,2025-05-11 16:00,86,Fall,Fall,0.521,NA,CVP,2025-05-20
C250793CVP,2025-05-11 16:00,91,Fall,Fall,0.502,NA,CVP,2025-05-20
C250545SWP,2025-05-11 16:30,90,Fall,Fall,1,NA,SWP,2025-05-20
C250555SWP,2025-05-11 16:30,85,Fall,Fall,0.999,NA,SWP,2025-05-20
C250546SWP,2025-05-11 16:30,89,Fall,Fall,0.983,NA,SWP,2025-05-20
C250548SWP,2025-05-11 16:30,85,Fall,Fall,0.883,NA,SWP,2025-05-20
C250547SWP,2025-05-11 16:30,82,Fall,Fall,0.83,NA,SWP,2025-05-20
C250550SWP,2025-05-11 16:30,83,Fall,Fall,0.763,NA,SWP,2025-05-20
C250553SWP,2025-05-11 16:30,84,Fall,Fall,0.752,NA,SWP,2025-05-20
C250551SWP,2025-05-11 16:30,91,Fall,Fall,0.719,NA,SWP,2025-05-20
C250552SWP,2025-05-11 16:30,80,Fall,Fall,0.661,NA,SWP,2025-05-20
C250549SWP,2025-05-11 16:30,84,Fall,Fall,0.655,NA,SWP,2025-05-20
C250556SWP,2025-05-11 16:30,91,Fall,Fall,0.632,NA,SWP,2025-05-20
C250554SWP,2025-05-11 16:30,82,Fall,Fall,0.62,NA,SWP,2025-05-20
C250795CVP,2025-05-11 20:00,81,Fall,Fall,0.974,NA,CVP,2025-05-20
C250796CVP,2025-05-11 20:00,90,Fall,Fall,0.947,NA,CVP,2025-05-20
C250797CVP,2025-05-11 20:00,87,Fall,Fall,0.902,NA,CVP,2025-05-20
C250800CVP,2025-05-11 22:00,84,Fall,Fall,0.968,NA,CVP,2025-05-20
C250799CVP,2025-05-11 22:00,79,Fall,Fall,0.902,NA,CVP,2025-05-20
C250798CVP,2025-05-11 22:00,91,Fall,Fall,0.849,NA,CVP,2025-05-20
C250803CVP,2025-05-11 22:00,79,Fall,Fall,0.726,NA,CVP,2025-05-20
C250801CVP,2025-05-11 22:00,86,Fall,Fall,0.563,NA,CVP,2025-05-20
C250804CVP,2025-05-11 23:59,85,Fall,Fall,0.528,NA,CVP,2025-05-20
C250805CVP,2025-05-12 04:00,87,Fall,Fall,0.852,NA,CVP,2025-05-20
C250813CVP,2025-05-12 06:00,94,Fall,Fall,0.879,NA,CVP,2025-05-20
C250809CVP,2025-05-12 06:00,82,Fall,Fall,0.865,NA,CVP,2025-05-20
C250810CVP,2025-05-12 06:00,85,Fall,Fall,0.853,NA,CVP,2025-05-20
C250811CVP,2025-05-12 06:00,81,Fall,Fall,0.793,NA,CVP,2025-05-20
C250807CVP,2025-05-12 06:00,87,Fall,Fall,0.77,NA,CVP,2025-05-20
C250806CVP,2025-05-12 06:00,86,Fall,Fall,0.477,NA,CVP,2025-05-20
C250812CVP,2025-05-12 06:00,94,Fall,Fall,0.347,NA,CVP,2025-05-20
C250808CVP,2025-05-12 06:00,77,Fall,Fall,0.769,NA,CVP,2025-05-29
C250557SWP,2025-05-12 15:00,92,Fall,Fall,0.757,NA,SWP,2025-05-29
C250558SWP,2025-05-12 15:00,88,Fall,Fall,0.7,NA,SWP,2025-05-29
C250559SWP,2025-05-12 15:00,89,Fall,Fall,0.512,NA,SWP,2025-05-29
C250733SWP,2025-05-12 15:30,89,Fall,Fall,0.998,NA,SWP,2025-05-29
C250748SWP,2025-05-12 15:30,84,Fall,Fall,0.991,NA,SWP,2025-05-29
C250739SWP,2025-05-12 15:30,89,Fall,Fall,0.985,NA,SWP,2025-05-29
C250566SWP,2025-05-12 15:30,91,Fall,Fall,0.981,NA,SWP,2025-05-29
C250749SWP,2025-05-12 15:30,86,Fall,Fall,0.98,NA,SWP,2025-05-29
C250567SWP,2025-05-12 15:30,85,Fall,Fall,0.973,NA,SWP,2025-05-29
C250731SWP,2025-05-12 15:30,92,Fall,Fall,0.967,NA,SWP,2025-05-29
C250560SWP,2025-05-12 15:30,92,Fall,Fall,0.964,NA,SWP,2025-05-29
C250744SWP,2025-05-12 15:30,81,Fall,Fall,0.899,NA,SWP,2025-05-29
C250732SWP,2025-05-12 15:30,85,Fall,Fall,0.853,NA,SWP,2025-05-29
C250730SWP,2025-05-12 15:30,98,Spring,Fall,0.85,NA,SWP,2025-05-29
C250750SWP,2025-05-12 15:30,88,Fall,Fall,0.833,NA,SWP,2025-05-29
C250737SWP,2025-05-12 15:30,88,Fall,Fall,0.764,NA,SWP,2025-05-29
C250735SWP,2025-05-12 15:30,85,Fall,Fall,0.759,NA,SWP,2025-05-29
C250563SWP,2025-05-12 15:30,83,Fall,Fall,0.758,NA,SWP,2025-05-29
C250738SWP,2025-05-12 15:30,92,Fall,Fall,0.736,NA,SWP,2025-05-29
C250745SWP,2025-05-12 15:30,83,Fall,Fall,0.725,NA,SWP,2025-05-29
C250743SWP,2025-05-12 15:30,77,Fall,Fall,0.683,NA,SWP,2025-05-29
C250565SWP,2025-05-12 15:30,86,Fall,Fall,0.683,NA,SWP,2025-05-29
C250746SWP,2025-05-12 15:30,77,Fall,Fall,0.649,NA,SWP,2025-05-29
C250736SWP,2025-05-12 15:30,101,Spring,Fall,0.63,NA,SWP,2025-05-29
C250742SWP,2025-05-12 15:30,79,Fall,Fall,0.587,NA,SWP,2025-05-29
C250561SWP,2025-05-12 15:30,80,Fall,Fall,0.58,NA,SWP,2025-05-29
C250741SWP,2025-05-12 15:30,85,Fall,Fall,0.569,NA,SWP,2025-05-29
C250564SWP,2025-05-12 15:30,86,Fall,Fall,0.543,NA,SWP,2025-05-29
C250751SWP,2025-05-12 15:30,82,Fall,Fall,0.522,NA,SWP,2025-05-29
C250747SWP,2025-05-12 15:30,90,Fall,Fall,0.512,NA,SWP,2025-05-29
C250734SWP,2025-05-12 15:30,87,Fall,Fall,0.471,NA,SWP,2025-05-29
C250562SWP,2025-05-12 15:30,90,Fall,Fall,0.415,NA,SWP,2025-05-29
C250740SWP,2025-05-12 15:30,80,Fall,Fall,0.412,NA,SWP,2025-05-29
C250814CVP,2025-05-12 16:00,82,Fall,Fall,0.502,NA,CVP,2025-05-29
C250815CVP,2025-05-12 22:00,88,Fall,Fall,0.597,NA,CVP,2025-05-29
C250775SWP,2025-05-13 14:30,92,Fall,Fall,0.997,NA,SWP,2025-05-29
C250770SWP,2025-05-13 14:30,89,Fall,Fall,0.995,NA,SWP,2025-05-29
C250785SWP,2025-05-13 14:30,84,Fall,Late Fall,0.985,NA,SWP,2025-05-29
C250773SWP,2025-05-13 14:30,92,Fall,Fall,0.976,NA,SWP,2025-05-29
C250764SWP,2025-05-13 14:30,88,Fall,Fall,0.962,NA,SWP,2025-05-29
C250782SWP,2025-05-13 14:30,91,Fall,Fall,0.947,NA,SWP,2025-05-29
C250774SWP,2025-05-13 14:30,86,Fall,Fall,0.924,NA,SWP,2025-05-29
C250765SWP,2025-05-13 14:30,79,Fall,Fall,0.923,NA,SWP,2025-05-29
C250761SWP,2025-05-13 14:30,82,Fall,Fall,0.922,NA,SWP,2025-05-29
C250760SWP,2025-05-13 14:30,88,Fall,Fall,0.878,NA,SWP,2025-05-29
C250772SWP,2025-05-13 14:30,100,Spring,Fall,0.877,NA,SWP,2025-05-29
C250763SWP,2025-05-13 14:30,92,Fall,Fall,0.874,NA,SWP,2025-05-29
C250758SWP,2025-05-13 14:30,90,Fall,Fall,0.869,NA,SWP,2025-05-29
C250781SWP,2025-05-13 14:30,81,Fall,Fall,0.846,NA,SWP,2025-05-29
C250755SWP,2025-05-13 14:30,82,Fall,Fall,0.841,NA,SWP,2025-05-29
C250780SWP,2025-05-13 14:30,75,Fall,Fall,0.822,NA,SWP,2025-05-29
C250778SWP,2025-05-13 14:30,82,Fall,Fall,0.766,NA,SWP,2025-05-29
C250753SWP,2025-05-13 14:30,86,Fall,Fall,0.738,NA,SWP,2025-05-29
C250784SWP,2025-05-13 14:30,84,Fall,Fall,0.737,NA,SWP,2025-05-29
C250776SWP,2025-05-13 14:30,95,Fall,Fall,0.725,NA,SWP,2025-05-29
C250759SWP,2025-05-13 14:30,89,Fall,Fall,0.719,NA,SWP,2025-05-29
C250786SWP,2025-05-13 14:30,82,Fall,Fall,0.682,NA,SWP,2025-05-29
C250762SWP,2025-05-13 14:30,115,Spring,Fall,0.652,NA,SWP,2025-05-29
C250752SWP,2025-05-13 14:30,75,Fall,Fall,0.652,NA,SWP,2025-05-29
C250768SWP,2025-05-13 14:30,89,Fall,Fall,0.616,NA,SWP,2025-05-29
C250767SWP,2025-05-13 14:30,99,Spring,Fall,0.616,NA,SWP,2025-05-29
C250783SWP,2025-05-13 14:30,88,Fall,Fall,0.587,NA,SWP,2025-05-29
C250771SWP,2025-05-13 14:30,93,Fall,Fall,0.584,NA,SWP,2025-05-29
C250756SWP,2025-05-13 14:30,83,Fall,Fall,0.577,NA,SWP,2025-05-29
C250777SWP,2025-05-13 14:30,90,Fall,Fall,0.57,NA,SWP,2025-05-29
C250779SWP,2025-05-13 14:30,84,Fall,Fall,0.519,NA,SWP,2025-05-29
C250766SWP,2025-05-13 14:30,79,Fall,Fall,0.511,NA,SWP,2025-05-29
C250757SWP,2025-05-13 14:30,81,Fall,Fall,0.482,NA,SWP,2025-05-29
C250769SWP,2025-05-13 14:30,94,Fall,Fall,0.384,NA,SWP,2025-05-29
C250754SWP,2025-05-13 14:30,86,Fall,Fall,0.535,NA,SWP,2025-06-05
C250816CVP,2025-05-13 23:59,89,Fall,Fall,0.834,NA,CVP,2025-06-05
C250817CVP,2025-05-14 04:00,87,Fall,Fall,0.769,NA,CVP,2025-05-29
C250818CVP,2025-05-14 06:00,86,Fall,Fall,0.879,NA,CVP,2025-05-29
C250791SWP,2025-05-14 16:30,90,Fall,Fall,0.991,NA,SWP,2025-05-29
C250804SWP,2025-05-14 16:30,74,Fall,Fall,0.982,NA,SWP,2025-05-29
C250793SWP,2025-05-14 16:30,81,Fall,Fall,0.957,NA,SWP,2025-05-29
C250805SWP,2025-05-14 16:30,99,Spring,Fall,0.946,NA,SWP,2025-05-29
C250790SWP,2025-05-14 16:30,78,Fall,Fall,0.936,NA,SWP,2025-05-29
C250801SWP,2025-05-14 16:30,89,Fall,Fall,0.934,NA,SWP,2025-05-29
C250795SWP,2025-05-14 16:30,85,Fall,Fall,0.932,NA,SWP,2025-05-29
C250792SWP,2025-05-14 16:30,84,Fall,Fall,0.92,NA,SWP,2025-05-29
C250799SWP,2025-05-14 16:30,80,Fall,Fall,0.879,NA,SWP,2025-05-29
C250797SWP,2025-05-14 16:30,88,Fall,Fall,0.819,NA,SWP,2025-05-29
C250798SWP,2025-05-14 16:30,90,Fall,Fall,0.775,NA,SWP,2025-05-29
C250787SWP,2025-05-14 16:30,80,Fall,Fall,0.768,NA,SWP,2025-05-29
C250794SWP,2025-05-14 16:30,85,Fall,Fall,0.737,NA,SWP,2025-05-29
C250788SWP,2025-05-14 16:30,92,Fall,Fall,0.735,NA,SWP,2025-05-29
C250802SWP,2025-05-14 16:30,93,Fall,Fall,0.585,NA,SWP,2025-05-29
C250803SWP,2025-05-14 16:30,78,Fall,Fall,0.546,NA,SWP,2025-05-29
C250800SWP,2025-05-14 16:30,84,Fall,Fall,0.523,NA,SWP,2025-05-29
C250789SWP,2025-05-14 16:30,92,Fall,Fall,0.486,NA,SWP,2025-05-29
C250796SWP,2025-05-14 16:30,90,Fall,Fall,0.395,NA,SWP,2025-05-29
C250819CVP,2025-05-14 22:00,83,Fall,Fall,0.839,NA,CVP,2025-05-29
C250820CVP,2025-05-15 04:00,83,Fall,Fall,0.99,NA,CVP,2025-05-29
C250821CVP,2025-05-15 06:00,81,Fall,Fall,0.827,NA,CVP,2025-05-29
C250822CVP,2025-05-15 08:00,74,Fall,Fall,0.912,NA,CVP,2025-05-29
C250823CVP,2025-05-15 16:00,95,Fall,Fall,0.907,NA,CVP,2025-05-29
C250569SWP,2025-05-15 16:30,74,Fall,Fall,0.953,NA,SWP,2025-05-29
C250570SWP,2025-05-15 16:30,87,Fall,Fall,0.853,NA,SWP,2025-05-29
C250568SWP,2025-05-15 16:30,89,Fall,Fall,0.503,NA,SWP,2025-05-29
C250824CVP,2025-05-15 20:00,91,Fall,Fall,0.7,NA,CVP,2025-05-29
C250825CVP,2025-05-16 12:00,79,Fall,Fall,0.67,NA,CVP,2025-06-05
C250812SWP,2025-05-16 16:30,103,Spring,Fall,0.972,NA,SWP,2025-05-29
C250813SWP,2025-05-16 16:30,95,Fall,Fall,0.918,NA,SWP,2025-05-29
C250809SWP,2025-05-16 16:30,88,Fall,Fall,0.913,NA,SWP,2025-05-29
C250816SWP,2025-05-16 16:30,96,Fall,Fall,0.859,NA,SWP,2025-05-29
C250810SWP,2025-05-16 16:30,87,Fall,Fall,0.855,NA,SWP,2025-05-29
C250811SWP,2025-05-16 16:30,79,Fall,Fall,0.831,NA,SWP,2025-05-29
C250807SWP,2025-05-16 16:30,92,Fall,Fall,0.789,NA,SWP,2025-05-29
C250817SWP,2025-05-16 16:30,90,Fall,Fall,0.699,NA,SWP,2025-05-29
C250815SWP,2025-05-16 16:30,84,Fall,Fall,0.622,NA,SWP,2025-05-29
C250808SWP,2025-05-16 16:30,87,Fall,Fall,0.533,NA,SWP,2025-05-29
C250814SWP,2025-05-16 16:30,89,Fall,Fall,0.527,NA,SWP,2025-05-29
C250806SWP,2025-05-16 16:30,93,Fall,Fall,0.518,NA,SWP,2025-05-29
C250826CVP,2025-05-16 18:00,84,Fall,Fall,0.625,NA,CVP,2025-05-29
C250827CVP,2025-05-16 22:00,82,Fall,Fall,0.74,NA,CVP,2025-05-29
C250828CVP,2025-05-16 22:00,109,Spring,Fall,0.643,NA,CVP,2025-05-29
C250829CVP,2025-05-17 16:00,83,Fall,Fall,0.349,NA,CVP,2025-05-29
C250818SWP,2025-05-17 16:30,89,Fall,Fall,0.601,NA,SWP,2025-05-29
C250820SWP,2025-05-17 16:30,92,Fall,Fall,0.485,NA,SWP,2025-05-29
C250819SWP,2025-05-17 16:30,87,Fall,Fall,0.456,NA,SWP,2025-05-29
C250835CVP,2025-05-17 22:00,95,Fall,Fall,1,NA,CVP,2025-05-29
C250838CVP,2025-05-17 22:00,87,Fall,Fall,0.915,NA,CVP,2025-05-29
C250834CVP,2025-05-17 22:00,80,Fall,Fall,0.888,NA,CVP,2025-05-29
C250836CVP,2025-05-17 22:00,81,Fall,Fall,0.858,NA,CVP,2025-05-29
C250830CVP,2025-05-17 22:00,90,Fall,Fall,0.702,NA,CVP,2025-05-29
C250837CVP,2025-05-17 22:00,83,Fall,Fall,0.693,NA,CVP,2025-05-29
C250831CVP,2025-05-17 22:00,85,Fall,Fall,0.687,NA,CVP,2025-05-29
C250832CVP,2025-05-17 22:00,87,Fall,Fall,0.517,NA,CVP,2025-05-29
C250833CVP,2025-05-17 22:00,86,Fall,Fall,0.983,NA,CVP,2025-06-05
C250839CVP,2025-05-17 23:59,88,Fall,Fall,0.661,NA,CVP,2025-05-29
C250840CVP,2025-05-18 08:00,85,Fall,Fall,0.995,NA,CVP,2025-05-29
C250841CVP,2025-05-18 10:00,85,Fall,Fall,0.967,NA,CVP,2025-06-05
C250842CVP,2025-05-18 12:00,90,Fall,Fall,0.773,NA,CVP,2025-05-29
C250821SWP,2025-05-18 16:30,95,Fall,Fall,0.964,NA,SWP,2025-05-29
C250822SWP,2025-05-18 16:30,88,Fall,Fall,0.707,NA,SWP,2025-05-29
C250843CVP,2025-05-18 22:00,92,Fall,Fall,0.988,NA,CVP,2025-05-29
C250844CVP,2025-05-19 06:00,84,Fall,Fall,0.902,NA,CVP,2025-05-29
C250845CVP,2025-05-19 08:00,83,Fall,Fall,0.523,NA,CVP,2025-05-29
C250846CVP,2025-05-19 10:00,91,Fall,Fall,0.917,NA,CVP,2025-05-29
C250847CVP,2025-05-19 12:00,84,Fall,Fall,1,NA,CVP,2025-06-05
C250848CVP,2025-05-19 12:00,85,Fall,Fall,0.993,NA,CVP,2025-06-05
C250849CVP,2025-05-19 12:00,84,Fall,Fall,0.811,NA,CVP,2025-06-05
C250850CVP,2025-05-19 14:00,84,Fall,Fall,0.983,NA,CVP,2025-06-05
C250571SWP,2025-05-19 18:30,99,Fall,Fall,0.719,NA,SWP,2025-06-05
C250572SWP,2025-05-19 18:30,87,Fall,Fall,0.385,NA,SWP,2025-06-05
C250851CVP,2025-05-19 22:00,88,Fall,Fall,0.766,NA,CVP,2025-06-05
C250853CVP,2025-05-19 23:59,80,Fall,Fall,0.838,NA,CVP,2025-06-05
C250852CVP,2025-05-19 23:59,82,Fall,Fall,0.758,NA,CVP,2025-06-05
C250857CVP,2025-05-20 02:00,77,Fall,Fall,0.999,NA,CVP,2025-06-05
C250866CVP,2025-05-20 02:00,85,Fall,Fall,0.999,NA,CVP,2025-06-05
C250868CVP,2025-05-20 02:00,83,Fall,Fall,0.998,NA,CVP,2025-06-05
C250856CVP,2025-05-20 02:00,76,Fall,Fall,0.996,NA,CVP,2025-06-05
C250869CVP,2025-05-20 02:00,82,Fall,Fall,0.993,NA,CVP,2025-06-05
C250855CVP,2025-05-20 02:00,86,Fall,Fall,0.989,NA,CVP,2025-06-05
C250858CVP,2025-05-20 02:00,83,Fall,Fall,0.988,NA,CVP,2025-06-05
C250870CVP,2025-05-20 02:00,82,Fall,Fall,0.984,NA,CVP,2025-06-05
C250859CVP,2025-05-20 02:00,91,Fall,Fall,0.97,NA,CVP,2025-06-05
C250863CVP,2025-05-20 02:00,85,Fall,Fall,0.955,NA,CVP,2025-06-05
C250871CVP,2025-05-20 02:00,85,Fall,Fall,0.823,NA,CVP,2025-06-05
C250862CVP,2025-05-20 02:00,93,Fall,Fall,0.787,NA,CVP,2025-06-05
C250865CVP,2025-05-20 02:00,80,Fall,Fall,0.766,NA,CVP,2025-06-05
C250854CVP,2025-05-20 02:00,83,Fall,Fall,0.76,NA,CVP,2025-06-05
C250867CVP,2025-05-20 02:00,87,Fall,Fall,0.683,NA,CVP,2025-06-05
C250861CVP,2025-05-20 02:00,82,Fall,Fall,0.641,NA,CVP,2025-06-05
C250864CVP,2025-05-20 02:00,82,Fall,Fall,0.535,NA,CVP,2025-06-05
C250860CVP,2025-05-20 02:00,78,Fall,Fall,0.497,NA,CVP,2025-06-05
C250873CVP,2025-05-20 04:00,79,Fall,Fall,0.998,NA,CVP,2025-06-05
C250881CVP,2025-05-20 04:00,91,Fall,Fall,0.992,NA,CVP,2025-06-05
C250880CVP,2025-05-20 04:00,88,Fall,Fall,0.991,NA,CVP,2025-06-05
C250876CVP,2025-05-20 04:00,74,Fall,Fall,0.978,NA,CVP,2025-06-05
C250879CVP,2025-05-20 04:00,75,Fall,Fall,0.97,NA,CVP,2025-06-05
C250878CVP,2025-05-20 04:00,77,Fall,Fall,0.952,NA,CVP,2025-06-05
C250872CVP,2025-05-20 04:00,89,Fall,Fall,0.935,NA,CVP,2025-06-05
C250884CVP,2025-05-20 04:00,92,Fall,Fall,0.87,NA,CVP,2025-06-05
C250877CVP,2025-05-20 04:00,75,Fall,Fall,0.834,NA,CVP,2025-06-05
C250875CVP,2025-05-20 04:00,91,Fall,Fall,0.812,NA,CVP,2025-06-05
C250885CVP,2025-05-20 04:00,78,Fall,Fall,0.712,NA,CVP,2025-06-05
C250886CVP,2025-05-20 04:00,81,Fall,Fall,0.676,NA,CVP,2025-06-05
C250883CVP,2025-05-20 04:00,85,Fall,Fall,0.675,NA,CVP,2025-06-05
C250874CVP,2025-05-20 04:00,82,Fall,Fall,0.586,NA,CVP,2025-06-05
C250882CVP,2025-05-20 04:00,84,Fall,Fall,0.5,NA,CVP,2025-06-05
C250887CVP,2025-05-20 06:00,86,Fall,Fall,0.996,NA,CVP,2025-06-05
C250894CVP,2025-05-20 08:00,81,Fall,Fall,0.995,NA,CVP,2025-06-05
C250892CVP,2025-05-20 08:00,81,Fall,Fall,0.952,NA,CVP,2025-06-05
C250888CVP,2025-05-20 08:00,90,Fall,Fall,0.938,NA,CVP,2025-06-05
C250889CVP,2025-05-20 08:00,82,Fall,Fall,0.884,NA,CVP,2025-06-05
C250890CVP,2025-05-20 08:00,90,Fall,Fall,0.865,NA,CVP,2025-06-05
C250891CVP,2025-05-20 08:00,97,Fall,Fall,0.859,NA,CVP,2025-06-05
C250893CVP,2025-05-20 08:00,97,Fall,Fall,0.466,NA,CVP,2025-06-05
C250896CVP,2025-05-20 10:00,79,Fall,Fall,0.917,NA,CVP,2025-06-05
C250895CVP,2025-05-20 10:00,84,Fall,Fall,0.645,NA,CVP,2025-06-05
C250897CVP,2025-05-20 10:00,82,Fall,Fall,0.523,NA,CVP,2025-06-05
C250898CVP,2025-05-20 16:00,87,Fall,Fall,0.978,NA,CVP,2025-06-05
C250824SWP,2025-05-20 18:30,93,Fall,Fall,0.944,NA,SWP,2025-06-05
C250823SWP,2025-05-20 18:30,92,Fall,Fall,0.796,NA,SWP,2025-06-05
C250826SWP,2025-05-20 18:30,86,Fall,Fall,0.628,NA,SWP,2025-06-05
C250825SWP,2025-05-20 18:30,72,Fall,Fall,0.495,NA,SWP,2025-06-05
C250899CVP,2025-05-20 22:00,92,Fall,Fall,0.822,NA,CVP,2025-06-05
C250906CVP,2025-05-20 23:59,91,Fall,Fall,1,NA,CVP,2025-06-05
C250905CVP,2025-05-20 23:59,87,Fall,Fall,0.987,NA,CVP,2025-06-05
C250903CVP,2025-05-20 23:59,75,Fall,Fall,0.979,NA,CVP,2025-06-05
C250909CVP,2025-05-20 23:59,95,Fall,Fall,0.964,NA,CVP,2025-06-05
C250908CVP,2025-05-20 23:59,89,Fall,Fall,0.944,NA,CVP,2025-06-05
C250901CVP,2025-05-20 23:59,85,Fall,Fall,0.909,NA,CVP,2025-06-05
C250904CVP,2025-05-20 23:59,86,Fall,Fall,0.775,NA,CVP,2025-06-05
C250907CVP,2025-05-20 23:59,88,Fall,Fall,0.738,NA,CVP,2025-06-05
C250902CVP,2025-05-20 23:59,84,Fall,Fall,0.72,NA,CVP,2025-06-05
C250900CVP,2025-05-20 23:59,88,Fall,Fall,0.459,NA,CVP,2025-06-05
C250910CVP,2025-05-21 02:00,76,Fall,Fall,0.997,NA,CVP,2025-06-05
C250911CVP,2025-05-21 04:00,91,Fall,Fall,1,NA,CVP,2025-06-05
C250912CVP,2025-05-21 10:00,85,Fall,Fall,0.999,NA,CVP,2025-06-05
C250913CVP,2025-05-21 22:00,86,Fall,Fall,0.995,NA,CVP,2025-06-05
C250914CVP,2025-05-21 22:00,97,Fall,Fall,0.931,NA,CVP,2025-06-05
C250919CVP,2025-05-21 23:59,90,Fall,Fall,0.995,NA,CVP,2025-06-05
C250917CVP,2025-05-21 23:59,84,Fall,Fall,0.981,NA,CVP,2025-06-05
C250915CVP,2025-05-21 23:59,91,Fall,Fall,0.895,NA,CVP,2025-06-05
C250918CVP,2025-05-21 23:59,89,Fall,Fall,0.778,NA,CVP,2025-06-05
C250916CVP,2025-05-21 23:59,88,Fall,Fall,0.588,NA,CVP,2025-06-05
C250920CVP,2025-05-21 23:59,100,Fall,Fall,0.446,NA,CVP,2025-06-05
C250921CVP,2025-05-22 09:00,83,Fall,Fall,0.798,NA,CVP,2025-06-05
C250924CVP,2025-05-22 12:00,85,Fall,Fall,0.994,NA,CVP,2025-06-05
C250923CVP,2025-05-22 12:00,84,Fall,Fall,0.841,NA,CVP,2025-06-05
C250922CVP,2025-05-22 12:00,91,Fall,Fall,0.549,NA,CVP,2025-06-05
C250925CVP,2025-05-22 12:00,88,Fall,Fall,0.479,NA,CVP,2025-06-05
C250926CVP,2025-05-22 22:00,95,Fall,Fall,0.669,NA,CVP,2025-06-05
C250927CVP,2025-05-23 10:00,103,Spring,Fall,0.991,NA,CVP,2025-06-05
C250929CVP,2025-05-23 23:59,94,Fall,Fall,0.464,NA,CVP,2025-07-28
C250928CVP,2025-05-23 23:59,88,Fall,Fall,0.555,NA,CVP,2025-06-05
C250932CVP,2025-05-24 14:00,83,Fall,Fall,0.994,NA,CVP,2025-06-05
C250931CVP,2025-05-24 14:00,80,Fall,Fall,0.939,NA,CVP,2025-06-05
C250935CVP,2025-05-24 14:00,82,Fall,Fall,0.911,NA,CVP,2025-06-05
C250933CVP,2025-05-24 14:00,87,Fall,Fall,0.749,NA,CVP,2025-06-05
C250930CVP,2025-05-24 14:00,82,Fall,Fall,0.604,NA,CVP,2025-06-05
C250934CVP,2025-05-24 14:00,93,Fall,Fall,0.414,NA,CVP,2025-06-05
C250936CVP,2025-05-24 16:00,94,Fall,Fall,0.847,NA,CVP,2025-06-05
C250937CVP,2025-05-24 16:00,88,Fall,Fall,0.706,NA,CVP,2025-06-05
C250938CVP,2025-05-24 18:00,87,Fall,Fall,0.946,NA,CVP,2025-06-05
C250939CVP,2025-05-24 20:00,85,Fall,Fall,0.938,NA,CVP,2025-06-05
C250942CVP,2025-05-24 22:00,84,Fall,Fall,0.963,NA,CVP,2025-06-05
C250940CVP,2025-05-24 22:00,86,Fall,Fall,0.873,NA,CVP,2025-06-05
C250941CVP,2025-05-24 22:00,99,Fall,Fall,0.74,NA,CVP,2025-06-05
C250943CVP,2025-05-25 02:00,89,Fall,Fall,0.963,NA,CVP,2025-06-05
C250945CVP,2025-05-25 14:00,89,Fall,Fall,0.793,NA,CVP,2025-06-05
C250944CVP,2025-05-25 14:00,88,Fall,Fall,0.591,NA,CVP,2025-06-05
C250946CVP,2025-05-25 16:00,86,Fall,Fall,0.955,NA,CVP,2025-06-05
C250950CVP,2025-05-25 16:00,87,Fall,Fall,0.866,NA,CVP,2025-06-05
C250947CVP,2025-05-25 16:00,92,Fall,Fall,0.85,NA,CVP,2025-06-05
C250949CVP,2025-05-25 16:00,81,Fall,Fall,0.533,NA,CVP,2025-06-05
C250948CVP,2025-05-25 16:00,82,Fall,Fall,0.479,NA,CVP,2025-06-05
C250951CVP,2025-05-25 22:00,91,Fall,Fall,0.565,NA,CVP,2025-06-05
C250952CVP,2025-05-25 23:59,90,Fall,Fall,0.977,NA,CVP,2025-06-05
C250956CVP,2025-05-25 23:59,82,Fall,Fall,0.809,NA,CVP,2025-06-05
C250955CVP,2025-05-25 23:59,80,Fall,Fall,0.768,NA,CVP,2025-06-05
C250953CVP,2025-05-25 23:59,93,Fall,Fall,0.661,NA,CVP,2025-06-05
C250954CVP,2025-05-25 23:59,93,Fall,Fall,0.549,NA,CVP,2025-06-05
C250958CVP,2025-05-26 02:00,94,Fall,Fall,1,NA,CVP,2025-06-05
C250965CVP,2025-05-26 02:00,101,Fall,Fall,0.993,NA,CVP,2025-06-05
C250960CVP,2025-05-26 02:00,96,Fall,Fall,0.99,NA,CVP,2025-06-05
C250961CVP,2025-05-26 02:00,93,Fall,Fall,0.984,NA,CVP,2025-06-05
C250963CVP,2025-05-26 02:00,84,Fall,Fall,0.952,NA,CVP,2025-06-05
C250964CVP,2025-05-26 02:00,86,Fall,Fall,0.802,NA,CVP,2025-06-05
C250962CVP,2025-05-26 02:00,90,Fall,Fall,0.783,NA,CVP,2025-06-05
C250959CVP,2025-05-26 02:00,97,Fall,Fall,0.729,NA,CVP,2025-06-05
C250967CVP,2025-05-26 04:00,90,Fall,Fall,0.999,NA,CVP,2025-06-05
C250966CVP,2025-05-26 04:00,97,Fall,Fall,0.968,NA,CVP,2025-06-05
C250976CVP,2025-05-26 16:00,79,Fall,Fall,0.996,NA,CVP,2025-06-05
C250975CVP,2025-05-26 16:00,83,Fall,Fall,0.995,NA,CVP,2025-06-05
C250973CVP,2025-05-26 16:00,86,Fall,Fall,0.988,NA,CVP,2025-06-05
C250968CVP,2025-05-26 16:00,89,Fall,Fall,0.872,NA,CVP,2025-06-05
C250971CVP,2025-05-26 16:00,87,Fall,Fall,0.838,NA,CVP,2025-06-05
C250974CVP,2025-05-26 16:00,88,Fall,Fall,0.824,NA,CVP,2025-06-05
C250977CVP,2025-05-26 16:00,82,Fall,Fall,0.801,NA,CVP,2025-06-05
C250970CVP,2025-05-26 16:00,89,Fall,Fall,0.747,NA,CVP,2025-06-05
C250972CVP,2025-05-26 16:00,88,Fall,Fall,0.552,NA,CVP,2025-06-05
C250969CVP,2025-05-26 16:00,86,Fall,Fall,0.435,NA,CVP,2025-06-05
C250979CVP,2025-05-26 18:00,90,Fall,Fall,0.984,NA,CVP,2025-06-05
C250987CVP,2025-05-26 18:00,86,Fall,Fall,0.979,NA,CVP,2025-06-05
C250982CVP,2025-05-26 18:00,92,Fall,Fall,0.953,NA,CVP,2025-06-05
C250985CVP,2025-05-26 18:00,87,Fall,Fall,0.937,NA,CVP,2025-06-05
C250980CVP,2025-05-26 18:00,80,Fall,Fall,0.919,NA,CVP,2025-06-05
C250984CVP,2025-05-26 18:00,101,Fall,Fall,0.873,NA,CVP,2025-06-05
C250978CVP,2025-05-26 18:00,79,Fall,Fall,0.705,NA,CVP,2025-06-05
C250981CVP,2025-05-26 18:00,79,Fall,Fall,0.579,NA,CVP,2025-06-05
C250983CVP,2025-05-26 18:00,84,Fall,Fall,0.551,NA,CVP,2025-06-05
C250986CVP,2025-05-26 18:00,86,Fall,Fall,0.521,NA,CVP,2025-06-05
C250988CVP,2025-05-26 20:00,84,Fall,Fall,0.878,NA,CVP,2025-06-05
C250989CVP,2025-05-26 22:00,81,Fall,Fall,0.998,NA,CVP,2025-06-05
C250990CVP,2025-05-26 22:00,82,Fall,Fall,0.952,NA,CVP,2025-06-05
C250991CVP,2025-05-26 23:59,95,Fall,Fall,0.887,NA,CVP,2025-06-05
C250992CVP,2025-05-26 23:59,94,Fall,Fall,0.747,NA,CVP,2025-06-05
C251002CVP,2025-05-27 02:00,82,Fall,Fall,0.998,NA,CVP,2025-06-05
C250994CVP,2025-05-27 02:00,81,Fall,Fall,0.987,NA,CVP,2025-06-05
C251000CVP,2025-05-27 02:00,88,Fall,Fall,0.971,NA,CVP,2025-06-05
C251001CVP,2025-05-27 02:00,79,Fall,Fall,0.967,NA,CVP,2025-06-05
C250995CVP,2025-05-27 02:00,93,Fall,Fall,0.935,NA,CVP,2025-06-05
C250996CVP,2025-05-27 02:00,93,Fall,Fall,0.846,NA,CVP,2025-06-05
C250999CVP,2025-05-27 02:00,107,Spring,Fall,0.845,NA,CVP,2025-06-05
C250998CVP,2025-05-27 02:00,90,Fall,Fall,0.794,NA,CVP,2025-06-05
C250993CVP,2025-05-27 02:00,87,Fall,Fall,0.528,NA,CVP,2025-06-05
C250997CVP,2025-05-27 02:00,82,Fall,Fall,0.509,NA,CVP,2025-06-05
C251003CVP,2025-05-27 04:00,93,Fall,Fall,0.974,NA,CVP,2025-06-05
C251004CVP,2025-05-27 04:00,82,Fall,Fall,0.726,NA,CVP,2025-06-05
C251005CVP,2025-05-27 14:00,79,Fall,Fall,0.942,NA,CVP,2025-07-01
C251007CVP,2025-05-27 18:00,88,Fall,Fall,0.944,NA,CVP,2025-07-01
C251009CVP,2025-05-27 18:00,96,Fall,Fall,0.942,NA,CVP,2025-07-01
C251006CVP,2025-05-27 18:00,90,Fall,Fall,0.542,NA,CVP,2025-07-01
C251008CVP,2025-05-27 18:00,83,Fall,Fall,0.745,NA,CVP,2025-07-28
C251016CVP,2025-05-27 20:00,87,Fall,Fall,1,NA,CVP,2025-07-01
C251012CVP,2025-05-27 20:00,97,Fall,Fall,0.972,NA,CVP,2025-07-01
C251010CVP,2025-05-27 20:00,83,Fall,Fall,0.956,NA,CVP,2025-07-01
C251013CVP,2025-05-27 20:00,76,Fall,Fall,0.924,NA,CVP,2025-07-01
C251011CVP,2025-05-27 20:00,86,Fall,Fall,0.913,NA,CVP,2025-07-01
C251017CVP,2025-05-27 20:00,99,Fall,Fall,0.898,NA,CVP,2025-07-01
C251015CVP,2025-05-27 20:00,84,Fall,Fall,0.776,NA,CVP,2025-07-01
C251018CVP,2025-05-27 20:00,93,Fall,Fall,0.724,NA,CVP,2025-07-01
C251014CVP,2025-05-27 20:00,90,Fall,Fall,0.457,NA,CVP,2025-07-01
C251021CVP,2025-05-27 22:00,82,Fall,Fall,1,NA,CVP,2025-07-01
C251022CVP,2025-05-27 22:00,91,Fall,Fall,0.978,NA,CVP,2025-07-01
C251019CVP,2025-05-27 22:00,87,Fall,Fall,0.566,NA,CVP,2025-07-01
C251023CVP,2025-05-28 02:00,88,Fall,Fall,0.826,NA,CVP,2025-07-01
C251024CVP,2025-05-28 02:00,93,Fall,Fall,0.75,NA,CVP,2025-07-01
C251025CVP,2025-05-28 04:00,87,Fall,Fall,0.809,NA,CVP,2025-07-01
C251027CVP,2025-05-28 06:00,88,Fall,Fall,0.839,NA,CVP,2025-07-01
C251028CVP,2025-05-28 06:00,86,Fall,Fall,0.818,NA,CVP,2025-07-01
C251026CVP,2025-05-28 06:00,85,Fall,Fall,0.545,NA,CVP,2025-07-01
C251029CVP,2025-05-28 14:00,84,Fall,Fall,0.873,NA,CVP,2025-07-01
C251030CVP,2025-05-28 16:00,84,Fall,Fall,0.77,NA,CVP,2025-07-01
C251031CVP,2025-05-28 16:00,89,Fall,Fall,0.654,NA,CVP,2025-07-01
C251035CVP,2025-05-28 18:00,80,Fall,Fall,0.99,NA,CVP,2025-07-01
C251034CVP,2025-05-28 18:00,97,Fall,Fall,0.986,NA,CVP,2025-07-01
C251036CVP,2025-05-28 18:00,82,Fall,Fall,0.873,NA,CVP,2025-07-01
C251037CVP,2025-05-28 18:00,84,Fall,Fall,0.824,NA,CVP,2025-07-01
C251033CVP,2025-05-28 18:00,89,Fall,Fall,0.528,NA,CVP,2025-07-01
C251032CVP,2025-05-28 18:00,84,Fall,Fall,0.472,NA,CVP,2025-07-01
C251038CVP,2025-05-28 20:00,83,Fall,Fall,0.475,NA,CVP,2025-07-01
C251039CVP,2025-05-29 02:00,87,Fall,Fall,0.696,NA,CVP,2025-07-01
C251042CVP,2025-05-29 04:00,83,Fall,Fall,0.943,NA,CVP,2025-07-01
C251041CVP,2025-05-29 04:00,96,Fall,Fall,0.925,NA,CVP,2025-07-01
C251044CVP,2025-05-29 04:00,81,Fall,Fall,0.886,NA,CVP,2025-07-01
C251043CVP,2025-05-29 04:00,80,Fall,Fall,0.86,NA,CVP,2025-07-01
C251040CVP,2025-05-29 04:00,85,Fall,Fall,0.671,NA,CVP,2025-07-01
C251046CVP,2025-05-29 04:00,92,Fall,Fall,0.5,NA,CVP,2025-07-01
C251045CVP,2025-05-29 04:00,91,Fall,Fall,0.439,NA,CVP,2025-07-28
C251047CVP,2025-05-29 20:00,82,Fall,Fall,0.98,NA,CVP,2025-07-01
C251051CVP,2025-05-29 20:00,87,Fall,Fall,0.874,NA,CVP,2025-07-01
C251048CVP,2025-05-29 20:00,92,Fall,Fall,0.677,NA,CVP,2025-07-01
C251049CVP,2025-05-29 20:00,84,Fall,Fall,0.477,NA,CVP,2025-07-01
C251052CVP,2025-05-29 20:00,79,Fall,Fall,0.889,NA,CVP,2025-07-16
C251056CVP,2025-05-29 22:00,94,Fall,Fall,0.991,NA,CVP,2025-07-01
C251055CVP,2025-05-29 22:00,94,Fall,Fall,0.98,NA,CVP,2025-07-01
C251053CVP,2025-05-29 22:00,80,Fall,Fall,0.87,NA,CVP,2025-07-01
C251054CVP,2025-05-29 22:00,83,Fall,Fall,0.567,NA,CVP,2025-07-01
C251059CVP,2025-05-30 04:00,90,Fall,Fall,0.997,NA,CVP,2025-07-01
C251058CVP,2025-05-30 04:00,97,Fall,Fall,0.992,NA,CVP,2025-07-01
C251057CVP,2025-05-30 04:00,90,Fall,Fall,0.848,NA,CVP,2025-07-01
C251060CVP,2025-05-30 06:00,96,Fall,Fall,0.577,NA,CVP,2025-07-01
C251061CVP,2025-05-30 12:00,90,Fall,Fall,0.969,NA,CVP,2025-07-01
C251063CVP,2025-05-30 20:00,91,Fall,Fall,0.982,NA,CVP,2025-07-01
C251062CVP,2025-05-30 20:00,93,Fall,Fall,0.531,NA,CVP,2025-07-01
C251064CVP,2025-05-30 20:00,86,Fall,Fall,0.529,NA,CVP,2025-07-01
C251069CVP,2025-05-30 22:00,90,Fall,Fall,0.993,NA,CVP,2025-07-01
C251068CVP,2025-05-30 22:00,84,Fall,Fall,0.98,NA,CVP,2025-07-01
C251067CVP,2025-05-30 22:00,90,Fall,Fall,0.95,NA,CVP,2025-07-01
C251066CVP,2025-05-30 22:00,86,Fall,Fall,0.756,NA,CVP,2025-07-01
C251065CVP,2025-05-30 22:00,94,Fall,Fall,0.544,NA,CVP,2025-07-01
C251071CVP,2025-05-31 14:00,88,Fall,Fall,0.646,NA,CVP,2025-07-01
C251073CVP,2025-05-31 20:00,88,Fall,Fall,0.991,NA,CVP,2025-07-01
C251072CVP,2025-05-31 20:00,97,Fall,Fall,0.86,NA,CVP,2025-07-01
C251076CVP,2025-05-31 20:00,93,Fall,Fall,0.695,NA,CVP,2025-07-01
C251075CVP,2025-05-31 20:00,95,Fall,Fall,0.652,NA,CVP,2025-07-01
C251074CVP,2025-05-31 20:00,82,Fall,Fall,0.403,NA,CVP,2025-07-01
C251078CVP,2025-05-31 22:00,89,Fall,Fall,0.997,NA,CVP,2025-07-01
C251080CVP,2025-05-31 22:00,103,Fall,Fall,0.996,NA,CVP,2025-07-01
C251079CVP,2025-05-31 22:00,93,Fall,Fall,0.926,NA,CVP,2025-07-01
C251077CVP,2025-05-31 22:00,93,Fall,Late Fall,0.692,NA,CVP,2025-07-01
C251070CVP,2025-05-31 23:59,83,Fall,Fall,0.849,NA,CVP,2025-07-01
C251081CVP,2025-06-01 02:00,91,Fall,Fall,0.64,NA,CVP,2025-07-01
C251082CVP,2025-06-01 14:00,97,Fall,Fall,0.912,NA,CVP,2025-07-01
C251084CVP,2025-06-01 16:00,103,Fall,Fall,0.992,NA,CVP,2025-07-01
C251083CVP,2025-06-01 16:00,92,Fall,Fall,0.564,NA,CVP,2025-07-01
C251085CVP,2025-06-01 20:00,86,Fall,Fall,0.938,NA,CVP,2025-07-01
C251087CVP,2025-06-01 22:00,92,Fall,Fall,0.72,NA,CVP,2025-07-01
C251086CVP,2025-06-01 22:00,88,Fall,Fall,0.578,NA,CVP,2025-07-01
C251088CVP,2025-06-02 10:00,87,Fall,Fall,0.909,NA,CVP,2025-07-01
C251090CVP,2025-06-03 10:00,95,Fall,Fall,0.859,NA,CVP,2025-07-16
C251089CVP,2025-06-03 10:00,90,Fall,Fall,0.705,NA,CVP,2025-07-16
C251092CVP,2025-06-03 10:00,87,Fall,Fall,0.678,NA,CVP,2025-07-16
C251091CVP,2025-06-03 10:00,94,Fall,Fall,0.642,NA,CVP,2025-07-16
C251093CVP,2025-06-03 20:00,85,Fall,Fall,0.848,NA,CVP,2025-07-28
C251094CVP,2025-06-03 20:00,81,Fall,Fall,0.447,NA,CVP,2025-07-28
C251099CVP,2025-06-03 23:59,94,Fall,Fall,0.999,NA,CVP,2025-07-16
C251096CVP,2025-06-03 23:59,95,Fall,Fall,0.932,NA,CVP,2025-07-16
C251097CVP,2025-06-03 23:59,93,Fall,Fall,0.825,NA,CVP,2025-07-16
C251098CVP,2025-06-03 23:59,87,Fall,Fall,0.824,NA,CVP,2025-07-16
C251100CVP,2025-06-03 23:59,90,Fall,Fall,0.667,NA,CVP,2025-07-16
C251095CVPb,2025-06-03 23:59,93,Fall,Fall,0.565,NA,CVP,2025-07-16
C251095CVPa,2025-06-03 23:59,93,Fall,Fall,0.511,NA,CVP,2025-07-16
C251101CVP,2025-06-04 20:00,90,Fall,Fall,0.757,NA,CVP,2025-07-16
C251102CVP,2025-06-04 23:59,78,Fall,Fall,0.865,NA,CVP,2025-07-16
C251103CVP,2025-06-04 23:59,88,Fall,Fall,0.844,NA,CVP,2025-07-16
C251104CVP,2025-06-05 12:00,95,Fall,Fall,0.916,NA,CVP,2025-07-16
C251105CVP,2025-06-05 12:00,89,Fall,Fall,0.834,NA,CVP,2025-07-16
C251106CVP,2025-06-05 23:59,98,Fall,Fall,0.701,NA,CVP,2025-07-16
C251108CVP,2025-06-06 23:59,82,Fall,Fall,0.856,NA,CVP,2025-07-16
C251107CVP,2025-06-06 23:59,92,Fall,Fall,0.782,NA,CVP,2025-07-16
C251109CVP,2025-06-07 18:00,79,Fall,Fall,0.956,NA,CVP,2025-07-16
C251110CVP,2025-06-08 23:59,90,Fall,Fall,0.765,NA,CVP,2025-07-16
C251111CVP,2025-06-09 18:00,77,Fall,Fall,0.954,NA,CVP,2025-07-16
C251112CVP,2025-06-10 16:00,87,Fall,Fall,0.849,NA,CVP,2025-07-16
C251113CVP,2025-06-13 04:00,98,Fall,Fall,0.948,NA,CVP,2025-07-16
C251114CVP,2025-06-13 14:00,115,Fall,Fall,0.641,NA,CVP,2025-07-16
C251115CVP,2025-06-13 18:00,93,Fall,Fall,0.914,NA,CVP,2025-07-16
C251116CVP,2025-06-14 04:00,82,Fall,Fall,0.509,NA,CVP,2025-07-16
C251117CVP,2025-06-15 14:00,90,Fall,Fall,0.944,NA,CVP,2025-07-16
C251118CVP,2025-06-16 06:00,93,Fall,Fall,0.504,NA,CVP,2025-07-16
C251119CVP,2025-06-17 06:00,85,Fall,Fall,0.837,NA,CVP,2025-07-16
C251120CVP,2025-06-21 12:00,103,Fall,Fall,0.961,NA,CVP,2025-07-16
C251121CVP,2025-06-21 22:00,80,Fall,Fall,0.725,NA,CVP,2025-07-16
C251122CVP,2025-06-23 16:00,92,Fall,Fall,0.547,NA,CVP,2025-07-16
